UsageID,HostelID,Date,UnitsConsumed
1,1,2025-01-01,377.31
2,1,2025-01-02,364.76
3,1,2025-01-03,379.37
4,1,2025-01-04,366.29
5,1,2025-01-05,410.48
6,1,2025-01-06,402.8
7,1,2025-01-07,401.06
8,1,2025-01-08,428.6
9,1,2025-01-09,363.08
10,1,2025-01-10,401.05
11,1,2025-01-11,417.04
12,1,2025-01-12,425.65
13,1,2025-01-13,411.31
14,1,2025-01-14,374.43
15,1,2025-01-15,372.45
16,1,2025-01-16,403.61
17,1,2025-01-17,430.91
18,1,2025-01-18,399.54
19,1,2025-01-19,377.13
20,1,2025-01-20,385.66
21,1,2025-01-21,431.63
22,1,2025-01-22,372.72
23,1,2025-01-23,431.98
24,1,2025-01-24,365.16
25,1,2025-01-25,404.21
26,1,2025-01-26,365.43
27,1,2025-01-27,383.02
28,1,2025-01-28,380.56
29,1,2025-01-29,435.37
30,1,2025-01-30,422.87
31,1,2025-01-31,418.58
32,1,2025-02-01,439.83
33,1,2025-02-02,382.18
34,1,2025-02-03,403.89
35,1,2025-02-04,378.83
36,1,2025-02-05,364.03
37,1,2025-02-06,373.35
38,1,2025-02-07,428.97
39,1,2025-02-08,407.55
40,1,2025-02-09,372.52
41,1,2025-02-10,367.18
42,1,2025-02-11,393.33
43,1,2025-02-12,372.45
44,1,2025-02-13,399.16
45,1,2025-02-14,422.94
46,1,2025-02-15,367.67
47,1,2025-02-16,426.89
48,1,2025-02-17,437.43
49,1,2025-02-18,415.27
50,1,2025-02-19,407.45
51,1,2025-02-20,370.29
52,1,2025-02-21,414.44
53,1,2025-02-22,364.9
54,1,2025-02-23,397.97
55,1,2025-02-24,419.94
56,1,2025-02-25,410.91
57,1,2025-02-26,419.54
58,1,2025-02-27,431.36
59,1,2025-02-28,427.97
60,1,2025-03-01,518.45
61,1,2025-03-02,442.95
62,1,2025-03-03,474.79
63,1,2025-03-04,461.17
64,1,2025-03-05,514.17
65,1,2025-03-06,500.32
66,1,2025-03-07,482.33
67,1,2025-03-08,502.97
68,1,2025-03-09,466.14
69,1,2025-03-10,495.5
70,1,2025-03-11,442.76
71,1,2025-03-12,496.09
72,1,2025-03-13,500.33
73,1,2025-03-14,506.26
74,1,2025-03-15,505.41
75,1,2025-03-16,492.26
76,1,2025-03-17,454.94
77,1,2025-03-18,456.91
78,1,2025-03-19,494.26
79,1,2025-03-20,509.77
80,1,2025-03-21,461.74
81,1,2025-03-22,438.1
82,1,2025-03-23,482.04
83,1,2025-03-24,440.87
84,1,2025-03-25,436.39
85,1,2025-03-26,468.58
86,1,2025-03-27,463.61
87,1,2025-03-28,508.97
88,1,2025-03-29,479.96
89,1,2025-03-30,517.4
90,1,2025-03-31,475.55
91,1,2025-04-01,675.02
92,1,2025-04-02,595.57
93,1,2025-04-03,582.47
94,1,2025-04-04,644.0
95,1,2025-04-05,633.33
96,1,2025-04-06,589.72
97,1,2025-04-07,673.33
98,1,2025-04-08,653.12
99,1,2025-04-09,632.98
100,1,2025-04-10,664.8
101,1,2025-04-11,643.19
102,1,2025-04-12,674.86
103,1,2025-04-13,637.03
104,1,2025-04-14,662.86
105,1,2025-04-15,646.78
106,1,2025-04-16,576.03
107,1,2025-04-17,609.72
108,1,2025-04-18,658.97
109,1,2025-04-19,629.09
110,1,2025-04-20,580.67
111,1,2025-04-21,602.49
112,1,2025-04-22,594.87
113,1,2025-04-23,600.61
114,1,2025-04-24,661.39
115,1,2025-04-25,614.03
116,1,2025-04-26,638.48
117,1,2025-04-27,655.31
118,1,2025-04-28,674.36
119,1,2025-04-29,606.8
120,1,2025-04-30,562.56
121,1,2025-05-01,560.81
122,1,2025-05-02,678.2
123,1,2025-05-03,679.5
124,1,2025-05-04,578.41
125,1,2025-05-05,560.43
126,1,2025-05-06,565.8
127,1,2025-05-07,668.06
128,1,2025-05-08,592.14
129,1,2025-05-09,571.13
130,1,2025-05-10,606.66
131,1,2025-05-11,666.04
132,1,2025-05-12,613.51
133,1,2025-05-13,566.88
134,1,2025-05-14,671.25
135,1,2025-05-15,657.73
136,1,2025-05-16,583.07
137,1,2025-05-17,623.76
138,1,2025-05-18,588.18
139,1,2025-05-19,583.88
140,1,2025-05-20,649.7
141,1,2025-05-21,589.0
142,1,2025-05-22,573.82
143,1,2025-05-23,646.01
144,1,2025-05-24,629.56
145,1,2025-05-25,620.73
146,1,2025-05-26,570.75
147,1,2025-05-27,633.72
148,1,2025-05-28,563.06
149,1,2025-05-29,588.06
150,1,2025-05-30,564.89
151,1,2025-05-31,638.94
152,1,2025-06-01,601.74
153,1,2025-06-02,582.3
154,1,2025-06-03,625.24
155,1,2025-06-04,624.93
156,1,2025-06-05,564.65
157,1,2025-06-06,652.47
158,1,2025-06-07,648.94
159,1,2025-06-08,659.94
160,1,2025-06-09,642.43
161,1,2025-06-10,637.03
162,1,2025-06-11,679.66
163,1,2025-06-12,606.98
164,1,2025-06-13,569.53
165,1,2025-06-14,598.02
166,1,2025-06-15,591.94
167,1,2025-06-16,643.62
168,1,2025-06-17,677.96
169,1,2025-06-18,653.57
170,1,2025-06-19,667.95
171,1,2025-06-20,604.97
172,1,2025-06-21,571.56
173,1,2025-06-22,576.44
174,1,2025-06-23,617.39
175,1,2025-06-24,560.22
176,1,2025-06-25,610.34
177,1,2025-06-26,669.83
178,1,2025-06-27,563.16
179,1,2025-06-28,666.29
180,1,2025-06-29,624.97
181,1,2025-06-30,622.83
182,1,2025-07-01,451.86
183,1,2025-07-02,447.1
184,1,2025-07-03,527.75
185,1,2025-07-04,491.08
186,1,2025-07-05,454.68
187,1,2025-07-06,432.67
188,1,2025-07-07,436.87
189,1,2025-07-08,458.78
190,1,2025-07-09,450.64
191,1,2025-07-10,477.3
192,1,2025-07-11,512.8
193,1,2025-07-12,511.92
194,1,2025-07-13,472.81
195,1,2025-07-14,499.03
196,1,2025-07-15,500.96
197,1,2025-07-16,482.11
198,1,2025-07-17,443.95
199,1,2025-07-18,490.08
200,1,2025-07-19,519.9
201,1,2025-07-20,501.47
202,1,2025-07-21,463.09
203,1,2025-07-22,480.98
204,1,2025-07-23,510.08
205,1,2025-07-24,460.14
206,1,2025-07-25,493.9
207,1,2025-07-26,464.78
208,1,2025-07-27,440.95
209,1,2025-07-28,507.48
210,1,2025-07-29,499.11
211,1,2025-07-30,437.3
212,1,2025-07-31,473.64
213,1,2025-08-01,518.63
214,1,2025-08-02,507.71
215,1,2025-08-03,486.15
216,1,2025-08-04,507.47
217,1,2025-08-05,432.82
218,1,2025-08-06,486.76
219,1,2025-08-07,494.69
220,1,2025-08-08,454.05
221,1,2025-08-09,482.48
222,1,2025-08-10,450.18
223,1,2025-08-11,453.75
224,1,2025-08-12,507.29
225,1,2025-08-13,510.4
226,1,2025-08-14,462.9
227,1,2025-08-15,489.88
228,1,2025-08-16,496.63
229,1,2025-08-17,502.27
230,1,2025-08-18,494.07
231,1,2025-08-19,494.66
232,1,2025-08-20,453.7
233,1,2025-08-21,526.16
234,1,2025-08-22,498.7
235,1,2025-08-23,477.66
236,1,2025-08-24,466.09
237,1,2025-08-25,505.85
238,1,2025-08-26,511.89
239,1,2025-08-27,517.56
240,1,2025-08-28,512.08
241,1,2025-08-29,521.32
242,1,2025-08-30,497.08
243,1,2025-08-31,525.67
244,1,2025-09-01,519.32
245,1,2025-09-02,484.18
246,1,2025-09-03,524.41
247,1,2025-09-04,522.04
248,1,2025-09-05,516.77
249,1,2025-09-06,477.64
250,1,2025-09-07,459.24
251,1,2025-09-08,479.57
252,1,2025-09-09,438.47
253,1,2025-09-10,434.81
254,1,2025-09-11,433.71
255,1,2025-09-12,466.22
256,1,2025-09-13,450.19
257,1,2025-09-14,486.61
258,1,2025-09-15,521.67
259,1,2025-09-16,455.97
260,1,2025-09-17,461.96
261,1,2025-09-18,468.89
262,1,2025-09-19,436.65
263,1,2025-09-20,451.85
264,1,2025-09-21,511.83
265,1,2025-09-22,493.75
266,1,2025-09-23,473.04
267,1,2025-09-24,471.72
268,1,2025-09-25,440.26
269,1,2025-09-26,480.83
270,1,2025-09-27,523.95
271,1,2025-09-28,448.26
272,1,2025-09-29,521.33
273,1,2025-09-30,510.46
274,1,2025-10-01,387.7
275,1,2025-10-02,399.07
276,1,2025-10-03,438.09
277,1,2025-10-04,412.91
278,1,2025-10-05,427.82
279,1,2025-10-06,413.32
280,1,2025-10-07,439.37
281,1,2025-10-08,389.89
282,1,2025-10-09,385.19
283,1,2025-10-10,429.92
284,1,2025-10-11,419.62
285,1,2025-10-12,406.66
286,1,2025-10-13,378.09
287,1,2025-10-14,373.18
288,1,2025-10-15,427.57
289,1,2025-10-16,422.7
290,1,2025-10-17,374.25
291,1,2025-10-18,411.23
292,1,2025-10-19,379.01
293,1,2025-10-20,433.99
294,1,2025-10-21,394.27
295,1,2025-10-22,386.58
296,1,2025-10-23,439.78
297,1,2025-10-24,377.36
298,1,2025-10-25,420.71
299,1,2025-10-26,426.96
300,1,2025-10-27,412.66
301,1,2025-10-28,415.5
302,1,2025-10-29,382.27
303,1,2025-10-30,368.0
304,1,2025-10-31,434.12
305,1,2025-11-01,401.11
306,1,2025-11-02,377.82
307,1,2025-11-03,416.83
308,1,2025-11-04,396.43
309,1,2025-11-05,385.18
310,1,2025-11-06,376.37
311,1,2025-11-07,437.16
312,1,2025-11-08,429.07
313,1,2025-11-09,432.08
314,1,2025-11-10,407.06
315,1,2025-11-11,395.9
316,1,2025-11-12,427.24
317,1,2025-11-13,375.11
318,1,2025-11-14,410.82
319,1,2025-11-15,433.64
320,1,2025-11-16,422.95
321,1,2025-11-17,368.23
322,1,2025-11-18,404.78
323,1,2025-11-19,401.08
324,1,2025-11-20,377.63
325,1,2025-11-21,437.48
326,1,2025-11-22,418.3
327,1,2025-11-23,368.23
328,1,2025-11-24,434.28
329,1,2025-11-25,415.72
330,1,2025-11-26,414.11
331,1,2025-11-27,373.27
332,1,2025-11-28,385.3
333,1,2025-11-29,423.03
334,1,2025-11-30,394.82
335,1,2025-12-01,410.91
336,1,2025-12-02,393.15
337,1,2025-12-03,439.39
338,1,2025-12-04,373.97
339,1,2025-12-05,360.38
340,1,2025-12-06,414.0
341,1,2025-12-07,397.49
342,1,2025-12-08,415.24
343,1,2025-12-09,398.37
344,1,2025-12-10,409.59
345,1,2025-12-11,425.89
346,1,2025-12-12,406.5
347,1,2025-12-13,370.12
348,1,2025-12-14,370.68
349,1,2025-12-15,378.8
350,1,2025-12-16,431.88
351,1,2025-12-17,438.16
352,1,2025-12-18,373.88
353,1,2025-12-19,399.81
354,1,2025-12-20,428.54
355,1,2025-12-21,421.49
356,1,2025-12-22,408.94
357,1,2025-12-23,431.01
358,1,2025-12-24,402.19
359,1,2025-12-25,393.44
360,1,2025-12-26,426.72
361,1,2025-12-27,427.61
362,1,2025-12-28,390.53
363,1,2025-12-29,398.27
364,1,2025-12-30,438.74
365,1,2025-12-31,425.77
366,2,2025-01-01,380.55
367,2,2025-01-02,393.98
368,2,2025-01-03,429.21
369,2,2025-01-04,437.16
370,2,2025-01-05,392.54
371,2,2025-01-06,421.87
372,2,2025-01-07,435.26
373,2,2025-01-08,398.75
374,2,2025-01-09,388.69
375,2,2025-01-10,437.79
376,2,2025-01-11,384.75
377,2,2025-01-12,370.03
378,2,2025-01-13,366.78
379,2,2025-01-14,408.81
380,2,2025-01-15,378.45
381,2,2025-01-16,429.91
382,2,2025-01-17,415.36
383,2,2025-01-18,431.73
384,2,2025-01-19,369.15
385,2,2025-01-20,421.58
386,2,2025-01-21,390.12
387,2,2025-01-22,415.38
388,2,2025-01-23,382.65
389,2,2025-01-24,436.44
390,2,2025-01-25,399.61
391,2,2025-01-26,372.48
392,2,2025-01-27,404.39
393,2,2025-01-28,368.69
394,2,2025-01-29,398.67
395,2,2025-01-30,428.62
396,2,2025-01-31,390.45
397,2,2025-02-01,370.8
398,2,2025-02-02,405.88
399,2,2025-02-03,401.22
400,2,2025-02-04,398.58
401,2,2025-02-05,432.96
402,2,2025-02-06,393.85
403,2,2025-02-07,380.22
404,2,2025-02-08,365.34
405,2,2025-02-09,399.23
406,2,2025-02-10,404.38
407,2,2025-02-11,361.49
408,2,2025-02-12,365.93
409,2,2025-02-13,432.05
410,2,2025-02-14,374.9
411,2,2025-02-15,421.12
412,2,2025-02-16,403.85
413,2,2025-02-17,427.17
414,2,2025-02-18,409.6
415,2,2025-02-19,382.17
416,2,2025-02-20,385.59
417,2,2025-02-21,425.0
418,2,2025-02-22,429.62
419,2,2025-02-23,433.78
420,2,2025-02-24,362.76
421,2,2025-02-25,372.13
422,2,2025-02-26,360.0
423,2,2025-02-27,394.2
424,2,2025-02-28,438.86
425,2,2025-03-01,485.69
426,2,2025-03-02,515.99
427,2,2025-03-03,488.68
428,2,2025-03-04,454.96
429,2,2025-03-05,505.08
430,2,2025-03-06,446.39
431,2,2025-03-07,471.06
432,2,2025-03-08,441.94
433,2,2025-03-09,487.62
434,2,2025-03-10,462.57
435,2,2025-03-11,436.55
436,2,2025-03-12,514.22
437,2,2025-03-13,515.18
438,2,2025-03-14,491.73
439,2,2025-03-15,487.49
440,2,2025-03-16,527.13
441,2,2025-03-17,499.26
442,2,2025-03-18,475.35
443,2,2025-03-19,475.03
444,2,2025-03-20,472.46
445,2,2025-03-21,517.72
446,2,2025-03-22,526.78
447,2,2025-03-23,452.66
448,2,2025-03-24,449.84
449,2,2025-03-25,453.55
450,2,2025-03-26,448.62
451,2,2025-03-27,477.72
452,2,2025-03-28,511.16
453,2,2025-03-29,475.6
454,2,2025-03-30,443.12
455,2,2025-03-31,449.84
456,2,2025-04-01,630.11
457,2,2025-04-02,565.14
458,2,2025-04-03,580.24
459,2,2025-04-04,594.73
460,2,2025-04-05,617.23
461,2,2025-04-06,613.69
462,2,2025-04-07,628.08
463,2,2025-04-08,631.38
464,2,2025-04-09,673.95
465,2,2025-04-10,640.78
466,2,2025-04-11,643.64
467,2,2025-04-12,566.02
468,2,2025-04-13,559.32
469,2,2025-04-14,612.61
470,2,2025-04-15,655.97
471,2,2025-04-16,583.88
472,2,2025-04-17,627.24
473,2,2025-04-18,580.98
474,2,2025-04-19,594.04
475,2,2025-04-20,642.65
476,2,2025-04-21,583.78
477,2,2025-04-22,641.27
478,2,2025-04-23,562.49
479,2,2025-04-24,614.95
480,2,2025-04-25,576.03
481,2,2025-04-26,620.48
482,2,2025-04-27,636.85
483,2,2025-04-28,596.26
484,2,2025-04-29,596.15
485,2,2025-04-30,608.28
486,2,2025-05-01,575.53
487,2,2025-05-02,650.25
488,2,2025-05-03,574.24
489,2,2025-05-04,635.31
490,2,2025-05-05,637.08
491,2,2025-05-06,671.55
492,2,2025-05-07,616.11
493,2,2025-05-08,658.57
494,2,2025-05-09,570.13
495,2,2025-05-10,598.22
496,2,2025-05-11,650.48
497,2,2025-05-12,595.29
498,2,2025-05-13,640.44
499,2,2025-05-14,581.58
500,2,2025-05-15,558.9
501,2,2025-05-16,570.72
502,2,2025-05-17,618.83
503,2,2025-05-18,631.21
504,2,2025-05-19,574.33
505,2,2025-05-20,565.78
506,2,2025-05-21,608.95
507,2,2025-05-22,567.26
508,2,2025-05-23,561.5
509,2,2025-05-24,629.46
510,2,2025-05-25,668.74
511,2,2025-05-26,638.97
512,2,2025-05-27,587.55
513,2,2025-05-28,662.97
514,2,2025-05-29,636.48
515,2,2025-05-30,566.28
516,2,2025-05-31,568.48
517,2,2025-06-01,644.34
518,2,2025-06-02,663.66
519,2,2025-06-03,571.38
520,2,2025-06-04,626.15
521,2,2025-06-05,568.35
522,2,2025-06-06,645.79
523,2,2025-06-07,608.11
524,2,2025-06-08,625.69
525,2,2025-06-09,601.21
526,2,2025-06-10,573.15
527,2,2025-06-11,649.53
528,2,2025-06-12,565.04
529,2,2025-06-13,640.23
530,2,2025-06-14,587.65
531,2,2025-06-15,665.66
532,2,2025-06-16,668.78
533,2,2025-06-17,659.48
534,2,2025-06-18,602.79
535,2,2025-06-19,665.0
536,2,2025-06-20,645.56
537,2,2025-06-21,671.01
538,2,2025-06-22,614.42
539,2,2025-06-23,630.96
540,2,2025-06-24,618.21
541,2,2025-06-25,560.26
542,2,2025-06-26,643.2
543,2,2025-06-27,649.4
544,2,2025-06-28,647.26
545,2,2025-06-29,620.4
546,2,2025-06-30,662.51
547,2,2025-07-01,503.7
548,2,2025-07-02,469.94
549,2,2025-07-03,439.84
550,2,2025-07-04,465.93
551,2,2025-07-05,439.5
552,2,2025-07-06,527.61
553,2,2025-07-07,441.34
554,2,2025-07-08,456.74
555,2,2025-07-09,472.64
556,2,2025-07-10,512.53
557,2,2025-07-11,492.89
558,2,2025-07-12,466.32
559,2,2025-07-13,509.15
560,2,2025-07-14,443.11
561,2,2025-07-15,483.28
562,2,2025-07-16,444.48
563,2,2025-07-17,479.55
564,2,2025-07-18,509.92
565,2,2025-07-19,455.14
566,2,2025-07-20,491.65
567,2,2025-07-21,465.28
568,2,2025-07-22,491.6
569,2,2025-07-23,450.48
570,2,2025-07-24,520.9
571,2,2025-07-25,514.67
572,2,2025-07-26,503.91
573,2,2025-07-27,444.37
574,2,2025-07-28,471.24
575,2,2025-07-29,445.64
576,2,2025-07-30,445.04
577,2,2025-07-31,476.2
578,2,2025-08-01,434.34
579,2,2025-08-02,521.96
580,2,2025-08-03,446.7
581,2,2025-08-04,477.09
582,2,2025-08-05,478.55
583,2,2025-08-06,490.55
584,2,2025-08-07,527.4
585,2,2025-08-08,518.15
586,2,2025-08-09,482.02
587,2,2025-08-10,459.84
588,2,2025-08-11,503.24
589,2,2025-08-12,475.98
590,2,2025-08-13,453.21
591,2,2025-08-14,488.81
592,2,2025-08-15,470.18
593,2,2025-08-16,436.26
594,2,2025-08-17,440.42
595,2,2025-08-18,451.05
596,2,2025-08-19,508.89
597,2,2025-08-20,443.65
598,2,2025-08-21,524.82
599,2,2025-08-22,436.1
600,2,2025-08-23,499.76
601,2,2025-08-24,513.63
602,2,2025-08-25,510.4
603,2,2025-08-26,443.88
604,2,2025-08-27,483.61
605,2,2025-08-28,491.86
606,2,2025-08-29,443.59
607,2,2025-08-30,494.51
608,2,2025-08-31,496.43
609,2,2025-09-01,460.51
610,2,2025-09-02,515.82
611,2,2025-09-03,477.95
612,2,2025-09-04,488.44
613,2,2025-09-05,461.76
614,2,2025-09-06,467.99
615,2,2025-09-07,491.79
616,2,2025-09-08,475.2
617,2,2025-09-09,457.66
618,2,2025-09-10,453.98
619,2,2025-09-11,502.67
620,2,2025-09-12,503.6
621,2,2025-09-13,467.42
622,2,2025-09-14,477.32
623,2,2025-09-15,526.55
624,2,2025-09-16,439.03
625,2,2025-09-17,473.75
626,2,2025-09-18,486.7
627,2,2025-09-19,523.52
628,2,2025-09-20,474.37
629,2,2025-09-21,438.99
630,2,2025-09-22,486.73
631,2,2025-09-23,508.42
632,2,2025-09-24,514.41
633,2,2025-09-25,461.11
634,2,2025-09-26,510.21
635,2,2025-09-27,434.33
636,2,2025-09-28,438.83
637,2,2025-09-29,466.16
638,2,2025-09-30,513.96
639,2,2025-10-01,377.63
640,2,2025-10-02,370.71
641,2,2025-10-03,390.93
642,2,2025-10-04,390.13
643,2,2025-10-05,424.95
644,2,2025-10-06,375.85
645,2,2025-10-07,414.87
646,2,2025-10-08,374.96
647,2,2025-10-09,379.91
648,2,2025-10-10,437.68
649,2,2025-10-11,378.36
650,2,2025-10-12,369.16
651,2,2025-10-13,415.35
652,2,2025-10-14,411.62
653,2,2025-10-15,390.68
654,2,2025-10-16,376.71
655,2,2025-10-17,404.3
656,2,2025-10-18,421.08
657,2,2025-10-19,402.33
658,2,2025-10-20,425.09
659,2,2025-10-21,388.67
660,2,2025-10-22,396.17
661,2,2025-10-23,386.33
662,2,2025-10-24,393.6
663,2,2025-10-25,372.9
664,2,2025-10-26,379.34
665,2,2025-10-27,416.89
666,2,2025-10-28,430.56
667,2,2025-10-29,364.64
668,2,2025-10-30,436.9
669,2,2025-10-31,360.18
670,2,2025-11-01,362.78
671,2,2025-11-02,382.54
672,2,2025-11-03,404.4
673,2,2025-11-04,371.73
674,2,2025-11-05,418.28
675,2,2025-11-06,368.14
676,2,2025-11-07,405.91
677,2,2025-11-08,405.86
678,2,2025-11-09,365.94
679,2,2025-11-10,438.86
680,2,2025-11-11,418.41
681,2,2025-11-12,407.43
682,2,2025-11-13,401.88
683,2,2025-11-14,362.43
684,2,2025-11-15,428.61
685,2,2025-11-16,367.53
686,2,2025-11-17,384.13
687,2,2025-11-18,419.14
688,2,2025-11-19,410.59
689,2,2025-11-20,398.28
690,2,2025-11-21,434.24
691,2,2025-11-22,400.08
692,2,2025-11-23,413.47
693,2,2025-11-24,367.22
694,2,2025-11-25,432.79
695,2,2025-11-26,368.59
696,2,2025-11-27,423.66
697,2,2025-11-28,435.74
698,2,2025-11-29,388.92
699,2,2025-11-30,424.39
700,2,2025-12-01,396.73
701,2,2025-12-02,392.15
702,2,2025-12-03,394.5
703,2,2025-12-04,417.14
704,2,2025-12-05,435.98
705,2,2025-12-06,391.24
706,2,2025-12-07,374.94
707,2,2025-12-08,369.35
708,2,2025-12-09,421.96
709,2,2025-12-10,437.05
710,2,2025-12-11,411.35
711,2,2025-12-12,423.07
712,2,2025-12-13,383.65
713,2,2025-12-14,362.92
714,2,2025-12-15,364.35
715,2,2025-12-16,362.31
716,2,2025-12-17,421.51
717,2,2025-12-18,400.23
718,2,2025-12-19,418.95
719,2,2025-12-20,374.85
720,2,2025-12-21,364.99
721,2,2025-12-22,368.84
722,2,2025-12-23,381.77
723,2,2025-12-24,393.02
724,2,2025-12-25,415.11
725,2,2025-12-26,389.42
726,2,2025-12-27,371.94
727,2,2025-12-28,404.38
728,2,2025-12-29,425.47
729,2,2025-12-30,382.71
730,2,2025-12-31,424.63
731,3,2025-01-01,437.95
732,3,2025-01-02,420.7
733,3,2025-01-03,412.29
734,3,2025-01-04,433.3
735,3,2025-01-05,423.44
736,3,2025-01-06,397.92
737,3,2025-01-07,394.65
738,3,2025-01-08,393.73
739,3,2025-01-09,364.09
740,3,2025-01-10,412.03
741,3,2025-01-11,429.04
742,3,2025-01-12,435.21
743,3,2025-01-13,389.67
744,3,2025-01-14,399.61
745,3,2025-01-15,415.71
746,3,2025-01-16,404.4
747,3,2025-01-17,410.37
748,3,2025-01-18,420.21
749,3,2025-01-19,401.61
750,3,2025-01-20,418.42
751,3,2025-01-21,373.47
752,3,2025-01-22,419.79
753,3,2025-01-23,377.39
754,3,2025-01-24,394.76
755,3,2025-01-25,428.31
756,3,2025-01-26,384.34
757,3,2025-01-27,411.87
758,3,2025-01-28,416.31
759,3,2025-01-29,386.03
760,3,2025-01-30,413.31
761,3,2025-01-31,416.36
762,3,2025-02-01,366.14
763,3,2025-02-02,371.75
764,3,2025-02-03,434.06
765,3,2025-02-04,391.37
766,3,2025-02-05,363.31
767,3,2025-02-06,367.33
768,3,2025-02-07,388.05
769,3,2025-02-08,402.42
770,3,2025-02-09,423.98
771,3,2025-02-10,439.89
772,3,2025-02-11,425.28
773,3,2025-02-12,378.67
774,3,2025-02-13,372.18
775,3,2025-02-14,409.8
776,3,2025-02-15,400.07
777,3,2025-02-16,396.66
778,3,2025-02-17,435.67
779,3,2025-02-18,397.61
780,3,2025-02-19,378.09
781,3,2025-02-20,391.31
782,3,2025-02-21,376.52
783,3,2025-02-22,384.4
784,3,2025-02-23,420.86
785,3,2025-02-24,422.05
786,3,2025-02-25,376.83
787,3,2025-02-26,428.3
788,3,2025-02-27,379.83
789,3,2025-02-28,361.15
790,3,2025-03-01,486.54
791,3,2025-03-02,491.06
792,3,2025-03-03,461.1
793,3,2025-03-04,473.17
794,3,2025-03-05,516.62
795,3,2025-03-06,444.97
796,3,2025-03-07,462.73
797,3,2025-03-08,444.3
798,3,2025-03-09,496.73
799,3,2025-03-10,520.39
800,3,2025-03-11,506.88
801,3,2025-03-12,487.45
802,3,2025-03-13,522.29
803,3,2025-03-14,511.74
804,3,2025-03-15,451.08
805,3,2025-03-16,433.61
806,3,2025-03-17,508.67
807,3,2025-03-18,477.93
808,3,2025-03-19,462.39
809,3,2025-03-20,465.13
810,3,2025-03-21,526.65
811,3,2025-03-22,477.44
812,3,2025-03-23,462.82
813,3,2025-03-24,500.34
814,3,2025-03-25,453.35
815,3,2025-03-26,447.12
816,3,2025-03-27,496.86
817,3,2025-03-28,475.66
818,3,2025-03-29,457.15
819,3,2025-03-30,493.27
820,3,2025-03-31,443.65
821,3,2025-04-01,558.6
822,3,2025-04-02,617.21
823,3,2025-04-03,607.56
824,3,2025-04-04,562.54
825,3,2025-04-05,619.98
826,3,2025-04-06,586.42
827,3,2025-04-07,592.43
828,3,2025-04-08,589.35
829,3,2025-04-09,590.78
830,3,2025-04-10,595.85
831,3,2025-04-11,616.02
832,3,2025-04-12,659.94
833,3,2025-04-13,596.32
834,3,2025-04-14,673.85
835,3,2025-04-15,648.38
836,3,2025-04-16,663.03
837,3,2025-04-17,669.2
838,3,2025-04-18,644.4
839,3,2025-04-19,600.11
840,3,2025-04-20,600.5
841,3,2025-04-21,664.26
842,3,2025-04-22,579.17
843,3,2025-04-23,651.55
844,3,2025-04-24,598.41
845,3,2025-04-25,591.53
846,3,2025-04-26,646.2
847,3,2025-04-27,651.16
848,3,2025-04-28,639.84
849,3,2025-04-29,674.63
850,3,2025-04-30,668.96
851,3,2025-05-01,666.35
852,3,2025-05-02,650.11
853,3,2025-05-03,677.23
854,3,2025-05-04,655.79
855,3,2025-05-05,676.14
856,3,2025-05-06,657.99
857,3,2025-05-07,634.45
858,3,2025-05-08,654.11
859,3,2025-05-09,604.21
860,3,2025-05-10,631.54
861,3,2025-05-11,569.37
862,3,2025-05-12,647.91
863,3,2025-05-13,676.89
864,3,2025-05-14,605.81
865,3,2025-05-15,646.94
866,3,2025-05-16,659.02
867,3,2025-05-17,681.35
868,3,2025-05-18,663.25
869,3,2025-05-19,605.14
870,3,2025-05-20,631.3
871,3,2025-05-21,574.31
872,3,2025-05-22,560.34
873,3,2025-05-23,622.9
874,3,2025-05-24,678.0
875,3,2025-05-25,659.36
876,3,2025-05-26,676.39
877,3,2025-05-27,581.08
878,3,2025-05-28,627.82
879,3,2025-05-29,617.42
880,3,2025-05-30,609.94
881,3,2025-05-31,676.21
882,3,2025-06-01,592.05
883,3,2025-06-02,616.13
884,3,2025-06-03,620.27
885,3,2025-06-04,622.38
886,3,2025-06-05,655.94
887,3,2025-06-06,596.28
888,3,2025-06-07,634.54
889,3,2025-06-08,625.24
890,3,2025-06-09,672.98
891,3,2025-06-10,572.79
892,3,2025-06-11,665.17
893,3,2025-06-12,584.21
894,3,2025-06-13,592.43
895,3,2025-06-14,621.96
896,3,2025-06-15,583.35
897,3,2025-06-16,629.61
898,3,2025-06-17,565.15
899,3,2025-06-18,592.43
900,3,2025-06-19,664.21
901,3,2025-06-20,611.82
902,3,2025-06-21,645.87
903,3,2025-06-22,584.99
904,3,2025-06-23,613.58
905,3,2025-06-24,670.28
906,3,2025-06-25,652.96
907,3,2025-06-26,675.77
908,3,2025-06-27,585.72
909,3,2025-06-28,592.62
910,3,2025-06-29,592.67
911,3,2025-06-30,565.35
912,3,2025-07-01,476.35
913,3,2025-07-02,525.39
914,3,2025-07-03,456.95
915,3,2025-07-04,464.93
916,3,2025-07-05,449.66
917,3,2025-07-06,463.07
918,3,2025-07-07,437.41
919,3,2025-07-08,487.77
920,3,2025-07-09,518.96
921,3,2025-07-10,520.14
922,3,2025-07-11,466.76
923,3,2025-07-12,495.21
924,3,2025-07-13,459.6
925,3,2025-07-14,505.58
926,3,2025-07-15,496.23
927,3,2025-07-16,514.7
928,3,2025-07-17,439.27
929,3,2025-07-18,508.86
930,3,2025-07-19,526.36
931,3,2025-07-20,455.66
932,3,2025-07-21,509.07
933,3,2025-07-22,522.94
934,3,2025-07-23,482.6
935,3,2025-07-24,480.2
936,3,2025-07-25,504.78
937,3,2025-07-26,465.56
938,3,2025-07-27,496.37
939,3,2025-07-28,514.7
940,3,2025-07-29,458.65
941,3,2025-07-30,477.84
942,3,2025-07-31,527.17
943,3,2025-08-01,496.55
944,3,2025-08-02,507.85
945,3,2025-08-03,471.99
946,3,2025-08-04,464.71
947,3,2025-08-05,525.75
948,3,2025-08-06,444.96
949,3,2025-08-07,494.42
950,3,2025-08-08,499.82
951,3,2025-08-09,492.58
952,3,2025-08-10,488.64
953,3,2025-08-11,490.76
954,3,2025-08-12,432.86
955,3,2025-08-13,514.4
956,3,2025-08-14,447.95
957,3,2025-08-15,521.94
958,3,2025-08-16,450.11
959,3,2025-08-17,482.47
960,3,2025-08-18,488.13
961,3,2025-08-19,520.19
962,3,2025-08-20,467.83
963,3,2025-08-21,459.07
964,3,2025-08-22,522.11
965,3,2025-08-23,500.04
966,3,2025-08-24,464.52
967,3,2025-08-25,463.94
968,3,2025-08-26,513.47
969,3,2025-08-27,483.79
970,3,2025-08-28,490.89
971,3,2025-08-29,489.01
972,3,2025-08-30,464.11
973,3,2025-08-31,449.74
974,3,2025-09-01,515.88
975,3,2025-09-02,447.83
976,3,2025-09-03,500.65
977,3,2025-09-04,444.66
978,3,2025-09-05,521.1
979,3,2025-09-06,490.1
980,3,2025-09-07,494.01
981,3,2025-09-08,506.11
982,3,2025-09-09,467.49
983,3,2025-09-10,435.7
984,3,2025-09-11,454.18
985,3,2025-09-12,466.95
986,3,2025-09-13,511.06
987,3,2025-09-14,445.58
988,3,2025-09-15,492.59
989,3,2025-09-16,436.16
990,3,2025-09-17,433.46
991,3,2025-09-18,517.93
992,3,2025-09-19,435.99
993,3,2025-09-20,527.54
994,3,2025-09-21,482.76
995,3,2025-09-22,463.58
996,3,2025-09-23,452.77
997,3,2025-09-24,510.71
998,3,2025-09-25,510.71
999,3,2025-09-26,450.14
1000,3,2025-09-27,491.86
1001,3,2025-09-28,439.03
1002,3,2025-09-29,482.31
1003,3,2025-09-30,451.36
1004,3,2025-10-01,390.13
1005,3,2025-10-02,378.79
1006,3,2025-10-03,423.02
1007,3,2025-10-04,398.21
1008,3,2025-10-05,367.16
1009,3,2025-10-06,406.4
1010,3,2025-10-07,425.76
1011,3,2025-10-08,438.3
1012,3,2025-10-09,374.92
1013,3,2025-10-10,412.44
1014,3,2025-10-11,431.57
1015,3,2025-10-12,394.33
1016,3,2025-10-13,403.2
1017,3,2025-10-14,364.81
1018,3,2025-10-15,406.46
1019,3,2025-10-16,420.42
1020,3,2025-10-17,387.97
1021,3,2025-10-18,423.39
1022,3,2025-10-19,400.03
1023,3,2025-10-20,421.84
1024,3,2025-10-21,376.52
1025,3,2025-10-22,421.27
1026,3,2025-10-23,380.05
1027,3,2025-10-24,381.85
1028,3,2025-10-25,370.63
1029,3,2025-10-26,410.95
1030,3,2025-10-27,426.69
1031,3,2025-10-28,411.67
1032,3,2025-10-29,417.82
1033,3,2025-10-30,413.72
1034,3,2025-10-31,367.72
1035,3,2025-11-01,383.52
1036,3,2025-11-02,431.88
1037,3,2025-11-03,369.19
1038,3,2025-11-04,411.91
1039,3,2025-11-05,370.73
1040,3,2025-11-06,368.67
1041,3,2025-11-07,437.01
1042,3,2025-11-08,411.29
1043,3,2025-11-09,379.14
1044,3,2025-11-10,392.8
1045,3,2025-11-11,421.76
1046,3,2025-11-12,364.53
1047,3,2025-11-13,403.81
1048,3,2025-11-14,414.07
1049,3,2025-11-15,432.16
1050,3,2025-11-16,397.95
1051,3,2025-11-17,429.33
1052,3,2025-11-18,425.43
1053,3,2025-11-19,415.83
1054,3,2025-11-20,374.02
1055,3,2025-11-21,404.89
1056,3,2025-11-22,392.47
1057,3,2025-11-23,438.75
1058,3,2025-11-24,414.36
1059,3,2025-11-25,368.44
1060,3,2025-11-26,400.91
1061,3,2025-11-27,364.66
1062,3,2025-11-28,388.82
1063,3,2025-11-29,387.98
1064,3,2025-11-30,423.51
1065,3,2025-12-01,393.86
1066,3,2025-12-02,407.88
1067,3,2025-12-03,374.93
1068,3,2025-12-04,382.33
1069,3,2025-12-05,366.52
1070,3,2025-12-06,391.79
1071,3,2025-12-07,387.9
1072,3,2025-12-08,362.77
1073,3,2025-12-09,372.07
1074,3,2025-12-10,372.03
1075,3,2025-12-11,408.39
1076,3,2025-12-12,363.79
1077,3,2025-12-13,387.34
1078,3,2025-12-14,375.65
1079,3,2025-12-15,437.66
1080,3,2025-12-16,399.68
1081,3,2025-12-17,368.24
1082,3,2025-12-18,406.27
1083,3,2025-12-19,385.64
1084,3,2025-12-20,374.54
1085,3,2025-12-21,411.54
1086,3,2025-12-22,381.28
1087,3,2025-12-23,362.39
1088,3,2025-12-24,364.41
1089,3,2025-12-25,430.77
1090,3,2025-12-26,433.13
1091,3,2025-12-27,409.0
1092,3,2025-12-28,437.0
1093,3,2025-12-29,403.82
1094,3,2025-12-30,397.19
1095,3,2025-12-31,397.86
1096,4,2025-01-01,418.03
1097,4,2025-01-02,372.13
1098,4,2025-01-03,369.26
1099,4,2025-01-04,434.53
1100,4,2025-01-05,370.67
1101,4,2025-01-06,368.05
1102,4,2025-01-07,408.65
1103,4,2025-01-08,393.09
1104,4,2025-01-09,383.1
1105,4,2025-01-10,404.54
1106,4,2025-01-11,432.34
1107,4,2025-01-12,365.95
1108,4,2025-01-13,387.06
1109,4,2025-01-14,394.3
1110,4,2025-01-15,371.06
1111,4,2025-01-16,439.85
1112,4,2025-01-17,425.52
1113,4,2025-01-18,387.86
1114,4,2025-01-19,424.26
1115,4,2025-01-20,400.75
1116,4,2025-01-21,394.87
1117,4,2025-01-22,419.53
1118,4,2025-01-23,404.43
1119,4,2025-01-24,414.03
1120,4,2025-01-25,430.31
1121,4,2025-01-26,429.56
1122,4,2025-01-27,392.37
1123,4,2025-01-28,377.37
1124,4,2025-01-29,383.13
1125,4,2025-01-30,384.45
1126,4,2025-01-31,414.42
1127,4,2025-02-01,420.12
1128,4,2025-02-02,363.07
1129,4,2025-02-03,438.13
1130,4,2025-02-04,398.06
1131,4,2025-02-05,395.63
1132,4,2025-02-06,429.12
1133,4,2025-02-07,361.82
1134,4,2025-02-08,373.72
1135,4,2025-02-09,434.93
1136,4,2025-02-10,408.29
1137,4,2025-02-11,390.67
1138,4,2025-02-12,393.44
1139,4,2025-02-13,430.48
1140,4,2025-02-14,374.57
1141,4,2025-02-15,362.62
1142,4,2025-02-16,408.8
1143,4,2025-02-17,360.64
1144,4,2025-02-18,407.41
1145,4,2025-02-19,386.81
1146,4,2025-02-20,438.74
1147,4,2025-02-21,396.06
1148,4,2025-02-22,416.82
1149,4,2025-02-23,416.8
1150,4,2025-02-24,400.32
1151,4,2025-02-25,428.08
1152,4,2025-02-26,397.31
1153,4,2025-02-27,391.23
1154,4,2025-02-28,433.21
1155,4,2025-03-01,453.54
1156,4,2025-03-02,451.69
1157,4,2025-03-03,498.57
1158,4,2025-03-04,495.6
1159,4,2025-03-05,520.4
1160,4,2025-03-06,460.75
1161,4,2025-03-07,525.61
1162,4,2025-03-08,436.68
1163,4,2025-03-09,436.34
1164,4,2025-03-10,514.12
1165,4,2025-03-11,463.05
1166,4,2025-03-12,461.66
1167,4,2025-03-13,526.16
1168,4,2025-03-14,442.57
1169,4,2025-03-15,492.07
1170,4,2025-03-16,435.7
1171,4,2025-03-17,511.93
1172,4,2025-03-18,487.15
1173,4,2025-03-19,453.2
1174,4,2025-03-20,492.84
1175,4,2025-03-21,500.24
1176,4,2025-03-22,496.37
1177,4,2025-03-23,465.61
1178,4,2025-03-24,479.32
1179,4,2025-03-25,492.42
1180,4,2025-03-26,438.41
1181,4,2025-03-27,438.0
1182,4,2025-03-28,467.38
1183,4,2025-03-29,446.57
1184,4,2025-03-30,482.32
1185,4,2025-03-31,461.03
1186,4,2025-04-01,668.27
1187,4,2025-04-02,601.82
1188,4,2025-04-03,660.57
1189,4,2025-04-04,582.63
1190,4,2025-04-05,638.38
1191,4,2025-04-06,655.94
1192,4,2025-04-07,662.5
1193,4,2025-04-08,600.91
1194,4,2025-04-09,559.18
1195,4,2025-04-10,581.32
1196,4,2025-04-11,624.97
1197,4,2025-04-12,641.18
1198,4,2025-04-13,649.17
1199,4,2025-04-14,656.81
1200,4,2025-04-15,617.2
1201,4,2025-04-16,596.37
1202,4,2025-04-17,569.5
1203,4,2025-04-18,661.91
1204,4,2025-04-19,574.46
1205,4,2025-04-20,631.11
1206,4,2025-04-21,574.55
1207,4,2025-04-22,571.19
1208,4,2025-04-23,578.48
1209,4,2025-04-24,581.6
1210,4,2025-04-25,587.06
1211,4,2025-04-26,564.29
1212,4,2025-04-27,565.59
1213,4,2025-04-28,651.56
1214,4,2025-04-29,618.61
1215,4,2025-04-30,664.42
1216,4,2025-05-01,655.9
1217,4,2025-05-02,628.91
1218,4,2025-05-03,580.17
1219,4,2025-05-04,560.83
1220,4,2025-05-05,668.43
1221,4,2025-05-06,658.12
1222,4,2025-05-07,608.82
1223,4,2025-05-08,599.39
1224,4,2025-05-09,649.41
1225,4,2025-05-10,672.53
1226,4,2025-05-11,564.4
1227,4,2025-05-12,568.1
1228,4,2025-05-13,647.7
1229,4,2025-05-14,615.7
1230,4,2025-05-15,656.17
1231,4,2025-05-16,592.44
1232,4,2025-05-17,630.09
1233,4,2025-05-18,626.75
1234,4,2025-05-19,578.7
1235,4,2025-05-20,656.19
1236,4,2025-05-21,570.74
1237,4,2025-05-22,667.27
1238,4,2025-05-23,611.81
1239,4,2025-05-24,614.08
1240,4,2025-05-25,656.42
1241,4,2025-05-26,629.99
1242,4,2025-05-27,604.16
1243,4,2025-05-28,676.59
1244,4,2025-05-29,678.14
1245,4,2025-05-30,635.66
1246,4,2025-05-31,654.51
1247,4,2025-06-01,629.16
1248,4,2025-06-02,581.96
1249,4,2025-06-03,559.44
1250,4,2025-06-04,563.7
1251,4,2025-06-05,586.02
1252,4,2025-06-06,613.7
1253,4,2025-06-07,649.6
1254,4,2025-06-08,582.91
1255,4,2025-06-09,589.55
1256,4,2025-06-10,614.2
1257,4,2025-06-11,648.8
1258,4,2025-06-12,643.02
1259,4,2025-06-13,654.43
1260,4,2025-06-14,574.52
1261,4,2025-06-15,606.94
1262,4,2025-06-16,591.65
1263,4,2025-06-17,636.92
1264,4,2025-06-18,678.34
1265,4,2025-06-19,613.83
1266,4,2025-06-20,633.58
1267,4,2025-06-21,583.64
1268,4,2025-06-22,673.71
1269,4,2025-06-23,580.07
1270,4,2025-06-24,593.08
1271,4,2025-06-25,639.59
1272,4,2025-06-26,616.56
1273,4,2025-06-27,663.92
1274,4,2025-06-28,598.7
1275,4,2025-06-29,604.5
1276,4,2025-06-30,655.25
1277,4,2025-07-01,509.59
1278,4,2025-07-02,445.51
1279,4,2025-07-03,485.1
1280,4,2025-07-04,497.19
1281,4,2025-07-05,460.12
1282,4,2025-07-06,526.45
1283,4,2025-07-07,484.33
1284,4,2025-07-08,526.88
1285,4,2025-07-09,485.73
1286,4,2025-07-10,457.41
1287,4,2025-07-11,504.17
1288,4,2025-07-12,467.05
1289,4,2025-07-13,500.81
1290,4,2025-07-14,462.22
1291,4,2025-07-15,491.96
1292,4,2025-07-16,502.02
1293,4,2025-07-17,434.13
1294,4,2025-07-18,486.92
1295,4,2025-07-19,465.01
1296,4,2025-07-20,436.08
1297,4,2025-07-21,499.99
1298,4,2025-07-22,525.47
1299,4,2025-07-23,497.33
1300,4,2025-07-24,517.84
1301,4,2025-07-25,463.13
1302,4,2025-07-26,515.96
1303,4,2025-07-27,466.5
1304,4,2025-07-28,521.04
1305,4,2025-07-29,456.26
1306,4,2025-07-30,466.51
1307,4,2025-07-31,484.1
1308,4,2025-08-01,504.77
1309,4,2025-08-02,487.32
1310,4,2025-08-03,505.91
1311,4,2025-08-04,494.17
1312,4,2025-08-05,487.34
1313,4,2025-08-06,445.14
1314,4,2025-08-07,460.76
1315,4,2025-08-08,503.26
1316,4,2025-08-09,474.73
1317,4,2025-08-10,468.39
1318,4,2025-08-11,459.01
1319,4,2025-08-12,513.77
1320,4,2025-08-13,447.49
1321,4,2025-08-14,449.32
1322,4,2025-08-15,488.15
1323,4,2025-08-16,506.86
1324,4,2025-08-17,474.84
1325,4,2025-08-18,449.14
1326,4,2025-08-19,465.84
1327,4,2025-08-20,446.15
1328,4,2025-08-21,459.36
1329,4,2025-08-22,509.51
1330,4,2025-08-23,487.02
1331,4,2025-08-24,523.49
1332,4,2025-08-25,500.03
1333,4,2025-08-26,458.44
1334,4,2025-08-27,510.61
1335,4,2025-08-28,496.92
1336,4,2025-08-29,466.61
1337,4,2025-08-30,500.3
1338,4,2025-08-31,514.28
1339,4,2025-09-01,502.72
1340,4,2025-09-02,471.16
1341,4,2025-09-03,481.48
1342,4,2025-09-04,473.13
1343,4,2025-09-05,525.37
1344,4,2025-09-06,495.84
1345,4,2025-09-07,447.19
1346,4,2025-09-08,433.89
1347,4,2025-09-09,458.21
1348,4,2025-09-10,476.35
1349,4,2025-09-11,469.23
1350,4,2025-09-12,490.55
1351,4,2025-09-13,518.79
1352,4,2025-09-14,457.5
1353,4,2025-09-15,445.77
1354,4,2025-09-16,462.75
1355,4,2025-09-17,493.84
1356,4,2025-09-18,488.54
1357,4,2025-09-19,497.47
1358,4,2025-09-20,493.23
1359,4,2025-09-21,488.42
1360,4,2025-09-22,509.94
1361,4,2025-09-23,472.11
1362,4,2025-09-24,500.29
1363,4,2025-09-25,522.34
1364,4,2025-09-26,486.82
1365,4,2025-09-27,446.31
1366,4,2025-09-28,487.8
1367,4,2025-09-29,454.94
1368,4,2025-09-30,505.15
1369,4,2025-10-01,408.84
1370,4,2025-10-02,370.2
1371,4,2025-10-03,389.11
1372,4,2025-10-04,376.66
1373,4,2025-10-05,394.24
1374,4,2025-10-06,428.64
1375,4,2025-10-07,412.05
1376,4,2025-10-08,406.09
1377,4,2025-10-09,377.51
1378,4,2025-10-10,437.92
1379,4,2025-10-11,396.8
1380,4,2025-10-12,375.93
1381,4,2025-10-13,397.24
1382,4,2025-10-14,361.99
1383,4,2025-10-15,385.61
1384,4,2025-10-16,396.47
1385,4,2025-10-17,376.78
1386,4,2025-10-18,400.78
1387,4,2025-10-19,413.11
1388,4,2025-10-20,432.32
1389,4,2025-10-21,439.71
1390,4,2025-10-22,413.2
1391,4,2025-10-23,434.53
1392,4,2025-10-24,396.41
1393,4,2025-10-25,439.13
1394,4,2025-10-26,362.48
1395,4,2025-10-27,380.95
1396,4,2025-10-28,385.33
1397,4,2025-10-29,424.85
1398,4,2025-10-30,421.14
1399,4,2025-10-31,397.33
1400,4,2025-11-01,405.57
1401,4,2025-11-02,376.27
1402,4,2025-11-03,386.57
1403,4,2025-11-04,432.68
1404,4,2025-11-05,415.13
1405,4,2025-11-06,370.95
1406,4,2025-11-07,423.34
1407,4,2025-11-08,438.1
1408,4,2025-11-09,428.98
1409,4,2025-11-10,404.81
1410,4,2025-11-11,390.39
1411,4,2025-11-12,423.48
1412,4,2025-11-13,402.1
1413,4,2025-11-14,369.18
1414,4,2025-11-15,383.31
1415,4,2025-11-16,416.34
1416,4,2025-11-17,377.24
1417,4,2025-11-18,372.07
1418,4,2025-11-19,439.22
1419,4,2025-11-20,391.94
1420,4,2025-11-21,404.49
1421,4,2025-11-22,394.5
1422,4,2025-11-23,426.63
1423,4,2025-11-24,416.56
1424,4,2025-11-25,397.64
1425,4,2025-11-26,421.59
1426,4,2025-11-27,431.02
1427,4,2025-11-28,360.03
1428,4,2025-11-29,436.33
1429,4,2025-11-30,419.3
1430,4,2025-12-01,380.31
1431,4,2025-12-02,385.77
1432,4,2025-12-03,408.56
1433,4,2025-12-04,431.86
1434,4,2025-12-05,406.6
1435,4,2025-12-06,428.09
1436,4,2025-12-07,433.43
1437,4,2025-12-08,395.98
1438,4,2025-12-09,418.18
1439,4,2025-12-10,394.21
1440,4,2025-12-11,423.49
1441,4,2025-12-12,398.69
1442,4,2025-12-13,434.07
1443,4,2025-12-14,414.13
1444,4,2025-12-15,410.82
1445,4,2025-12-16,413.31
1446,4,2025-12-17,385.99
1447,4,2025-12-18,437.13
1448,4,2025-12-19,417.22
1449,4,2025-12-20,417.24
1450,4,2025-12-21,365.77
1451,4,2025-12-22,380.35
1452,4,2025-12-23,419.79
1453,4,2025-12-24,423.31
1454,4,2025-12-25,391.45
1455,4,2025-12-26,429.86
1456,4,2025-12-27,397.92
1457,4,2025-12-28,415.16
1458,4,2025-12-29,400.83
1459,4,2025-12-30,365.74
1460,4,2025-12-31,399.49
1461,5,2025-01-01,382.86
1462,5,2025-01-02,369.75
1463,5,2025-01-03,412.48
1464,5,2025-01-04,436.79
1465,5,2025-01-05,428.65
1466,5,2025-01-06,381.61
1467,5,2025-01-07,382.08
1468,5,2025-01-08,416.75
1469,5,2025-01-09,427.56
1470,5,2025-01-10,367.62
1471,5,2025-01-11,410.79
1472,5,2025-01-12,381.29
1473,5,2025-01-13,393.65
1474,5,2025-01-14,390.64
1475,5,2025-01-15,385.16
1476,5,2025-01-16,388.39
1477,5,2025-01-17,383.1
1478,5,2025-01-18,388.09
1479,5,2025-01-19,404.9
1480,5,2025-01-20,366.57
1481,5,2025-01-21,437.39
1482,5,2025-01-22,364.45
1483,5,2025-01-23,405.87
1484,5,2025-01-24,361.34
1485,5,2025-01-25,365.9
1486,5,2025-01-26,439.76
1487,5,2025-01-27,398.98
1488,5,2025-01-28,396.99
1489,5,2025-01-29,432.33
1490,5,2025-01-30,405.2
1491,5,2025-01-31,438.15
1492,5,2025-02-01,379.69
1493,5,2025-02-02,398.95
1494,5,2025-02-03,437.58
1495,5,2025-02-04,392.68
1496,5,2025-02-05,378.71
1497,5,2025-02-06,392.32
1498,5,2025-02-07,409.74
1499,5,2025-02-08,420.36
1500,5,2025-02-09,388.24
1501,5,2025-02-10,381.8
1502,5,2025-02-11,381.75
1503,5,2025-02-12,367.77
1504,5,2025-02-13,437.43
1505,5,2025-02-14,414.17
1506,5,2025-02-15,428.02
1507,5,2025-02-16,370.36
1508,5,2025-02-17,434.76
1509,5,2025-02-18,417.86
1510,5,2025-02-19,385.8
1511,5,2025-02-20,394.98
1512,5,2025-02-21,399.9
1513,5,2025-02-22,412.66
1514,5,2025-02-23,372.87
1515,5,2025-02-24,389.25
1516,5,2025-02-25,424.52
1517,5,2025-02-26,387.13
1518,5,2025-02-27,392.06
1519,5,2025-02-28,434.89
1520,5,2025-03-01,517.88
1521,5,2025-03-02,486.31
1522,5,2025-03-03,504.36
1523,5,2025-03-04,465.41
1524,5,2025-03-05,498.65
1525,5,2025-03-06,499.79
1526,5,2025-03-07,496.85
1527,5,2025-03-08,488.1
1528,5,2025-03-09,446.33
1529,5,2025-03-10,502.65
1530,5,2025-03-11,497.91
1531,5,2025-03-12,503.16
1532,5,2025-03-13,498.27
1533,5,2025-03-14,462.78
1534,5,2025-03-15,507.88
1535,5,2025-03-16,513.68
1536,5,2025-03-17,493.99
1537,5,2025-03-18,505.48
1538,5,2025-03-19,434.93
1539,5,2025-03-20,500.88
1540,5,2025-03-21,440.27
1541,5,2025-03-22,484.72
1542,5,2025-03-23,438.04
1543,5,2025-03-24,471.65
1544,5,2025-03-25,451.25
1545,5,2025-03-26,485.02
1546,5,2025-03-27,505.58
1547,5,2025-03-28,459.61
1548,5,2025-03-29,450.47
1549,5,2025-03-30,433.32
1550,5,2025-03-31,461.81
1551,5,2025-04-01,590.58
1552,5,2025-04-02,573.69
1553,5,2025-04-03,623.17
1554,5,2025-04-04,584.24
1555,5,2025-04-05,678.9
1556,5,2025-04-06,580.71
1557,5,2025-04-07,591.23
1558,5,2025-04-08,593.74
1559,5,2025-04-09,660.39
1560,5,2025-04-10,578.14
1561,5,2025-04-11,578.62
1562,5,2025-04-12,589.77
1563,5,2025-04-13,620.6
1564,5,2025-04-14,592.89
1565,5,2025-04-15,575.93
1566,5,2025-04-16,604.28
1567,5,2025-04-17,675.98
1568,5,2025-04-18,561.33
1569,5,2025-04-19,634.37
1570,5,2025-04-20,604.33
1571,5,2025-04-21,566.52
1572,5,2025-04-22,660.16
1573,5,2025-04-23,670.31
1574,5,2025-04-24,660.86
1575,5,2025-04-25,652.45
1576,5,2025-04-26,581.18
1577,5,2025-04-27,646.26
1578,5,2025-04-28,605.26
1579,5,2025-04-29,586.46
1580,5,2025-04-30,607.86
1581,5,2025-05-01,655.22
1582,5,2025-05-02,628.3
1583,5,2025-05-03,674.75
1584,5,2025-05-04,596.71
1585,5,2025-05-05,625.99
1586,5,2025-05-06,583.42
1587,5,2025-05-07,656.96
1588,5,2025-05-08,577.64
1589,5,2025-05-09,625.77
1590,5,2025-05-10,638.95
1591,5,2025-05-11,568.31
1592,5,2025-05-12,564.66
1593,5,2025-05-13,629.39
1594,5,2025-05-14,561.2
1595,5,2025-05-15,661.1
1596,5,2025-05-16,670.84
1597,5,2025-05-17,661.02
1598,5,2025-05-18,633.72
1599,5,2025-05-19,588.59
1600,5,2025-05-20,628.72
1601,5,2025-05-21,597.48
1602,5,2025-05-22,670.85
1603,5,2025-05-23,617.93
1604,5,2025-05-24,571.45
1605,5,2025-05-25,579.43
1606,5,2025-05-26,569.98
1607,5,2025-05-27,651.5
1608,5,2025-05-28,561.16
1609,5,2025-05-29,602.46
1610,5,2025-05-30,607.86
1611,5,2025-05-31,619.19
1612,5,2025-06-01,640.94
1613,5,2025-06-02,649.02
1614,5,2025-06-03,677.62
1615,5,2025-06-04,656.6
1616,5,2025-06-05,659.88
1617,5,2025-06-06,648.38
1618,5,2025-06-07,573.23
1619,5,2025-06-08,623.67
1620,5,2025-06-09,564.46
1621,5,2025-06-10,576.09
1622,5,2025-06-11,650.89
1623,5,2025-06-12,619.92
1624,5,2025-06-13,628.09
1625,5,2025-06-14,601.15
1626,5,2025-06-15,636.62
1627,5,2025-06-16,641.28
1628,5,2025-06-17,657.91
1629,5,2025-06-18,645.19
1630,5,2025-06-19,576.15
1631,5,2025-06-20,566.11
1632,5,2025-06-21,605.42
1633,5,2025-06-22,661.6
1634,5,2025-06-23,681.32
1635,5,2025-06-24,612.15
1636,5,2025-06-25,651.75
1637,5,2025-06-26,599.56
1638,5,2025-06-27,580.31
1639,5,2025-06-28,609.98
1640,5,2025-06-29,573.01
1641,5,2025-06-30,609.75
1642,5,2025-07-01,496.52
1643,5,2025-07-02,483.37
1644,5,2025-07-03,482.08
1645,5,2025-07-04,525.7
1646,5,2025-07-05,505.02
1647,5,2025-07-06,433.98
1648,5,2025-07-07,446.75
1649,5,2025-07-08,446.58
1650,5,2025-07-09,503.17
1651,5,2025-07-10,448.33
1652,5,2025-07-11,450.62
1653,5,2025-07-12,527.33
1654,5,2025-07-13,449.29
1655,5,2025-07-14,511.39
1656,5,2025-07-15,487.46
1657,5,2025-07-16,449.84
1658,5,2025-07-17,482.43
1659,5,2025-07-18,449.2
1660,5,2025-07-19,481.45
1661,5,2025-07-20,527.95
1662,5,2025-07-21,450.25
1663,5,2025-07-22,506.82
1664,5,2025-07-23,487.64
1665,5,2025-07-24,456.77
1666,5,2025-07-25,514.19
1667,5,2025-07-26,453.08
1668,5,2025-07-27,518.33
1669,5,2025-07-28,452.89
1670,5,2025-07-29,470.02
1671,5,2025-07-30,522.03
1672,5,2025-07-31,526.19
1673,5,2025-08-01,434.39
1674,5,2025-08-02,511.31
1675,5,2025-08-03,526.94
1676,5,2025-08-04,454.0
1677,5,2025-08-05,476.93
1678,5,2025-08-06,438.15
1679,5,2025-08-07,500.99
1680,5,2025-08-08,527.53
1681,5,2025-08-09,448.13
1682,5,2025-08-10,450.27
1683,5,2025-08-11,452.54
1684,5,2025-08-12,453.37
1685,5,2025-08-13,460.26
1686,5,2025-08-14,492.31
1687,5,2025-08-15,461.57
1688,5,2025-08-16,489.5
1689,5,2025-08-17,435.93
1690,5,2025-08-18,453.26
1691,5,2025-08-19,527.64
1692,5,2025-08-20,452.72
1693,5,2025-08-21,497.34
1694,5,2025-08-22,496.48
1695,5,2025-08-23,439.49
1696,5,2025-08-24,448.51
1697,5,2025-08-25,489.23
1698,5,2025-08-26,482.22
1699,5,2025-08-27,473.19
1700,5,2025-08-28,451.03
1701,5,2025-08-29,461.3
1702,5,2025-08-30,477.34
1703,5,2025-08-31,508.85
1704,5,2025-09-01,437.16
1705,5,2025-09-02,446.71
1706,5,2025-09-03,505.63
1707,5,2025-09-04,447.45
1708,5,2025-09-05,511.72
1709,5,2025-09-06,519.83
1710,5,2025-09-07,474.24
1711,5,2025-09-08,458.77
1712,5,2025-09-09,442.5
1713,5,2025-09-10,491.88
1714,5,2025-09-11,459.18
1715,5,2025-09-12,436.44
1716,5,2025-09-13,432.13
1717,5,2025-09-14,466.04
1718,5,2025-09-15,505.53
1719,5,2025-09-16,436.86
1720,5,2025-09-17,494.26
1721,5,2025-09-18,463.87
1722,5,2025-09-19,522.46
1723,5,2025-09-20,469.3
1724,5,2025-09-21,469.65
1725,5,2025-09-22,440.61
1726,5,2025-09-23,456.65
1727,5,2025-09-24,497.7
1728,5,2025-09-25,440.93
1729,5,2025-09-26,457.33
1730,5,2025-09-27,467.93
1731,5,2025-09-28,516.06
1732,5,2025-09-29,483.52
1733,5,2025-09-30,477.32
1734,5,2025-10-01,370.31
1735,5,2025-10-02,365.88
1736,5,2025-10-03,432.94
1737,5,2025-10-04,364.3
1738,5,2025-10-05,388.45
1739,5,2025-10-06,410.87
1740,5,2025-10-07,419.0
1741,5,2025-10-08,385.69
1742,5,2025-10-09,386.71
1743,5,2025-10-10,398.48
1744,5,2025-10-11,401.09
1745,5,2025-10-12,410.74
1746,5,2025-10-13,439.63
1747,5,2025-10-14,379.63
1748,5,2025-10-15,408.25
1749,5,2025-10-16,381.15
1750,5,2025-10-17,420.59
1751,5,2025-10-18,421.09
1752,5,2025-10-19,366.6
1753,5,2025-10-20,420.76
1754,5,2025-10-21,427.31
1755,5,2025-10-22,437.97
1756,5,2025-10-23,370.85
1757,5,2025-10-24,388.54
1758,5,2025-10-25,394.66
1759,5,2025-10-26,425.93
1760,5,2025-10-27,366.07
1761,5,2025-10-28,371.16
1762,5,2025-10-29,416.45
1763,5,2025-10-30,369.29
1764,5,2025-10-31,424.71
1765,5,2025-11-01,366.58
1766,5,2025-11-02,399.99
1767,5,2025-11-03,385.68
1768,5,2025-11-04,423.04
1769,5,2025-11-05,390.75
1770,5,2025-11-06,397.02
1771,5,2025-11-07,424.99
1772,5,2025-11-08,418.12
1773,5,2025-11-09,365.53
1774,5,2025-11-10,411.36
1775,5,2025-11-11,400.14
1776,5,2025-11-12,418.92
1777,5,2025-11-13,364.16
1778,5,2025-11-14,375.73
1779,5,2025-11-15,399.9
1780,5,2025-11-16,412.59
1781,5,2025-11-17,372.22
1782,5,2025-11-18,379.74
1783,5,2025-11-19,371.87
1784,5,2025-11-20,433.16
1785,5,2025-11-21,373.65
1786,5,2025-11-22,417.31
1787,5,2025-11-23,401.27
1788,5,2025-11-24,407.22
1789,5,2025-11-25,367.75
1790,5,2025-11-26,376.96
1791,5,2025-11-27,394.97
1792,5,2025-11-28,412.22
1793,5,2025-11-29,438.13
1794,5,2025-11-30,364.0
1795,5,2025-12-01,397.76
1796,5,2025-12-02,428.85
1797,5,2025-12-03,415.13
1798,5,2025-12-04,408.28
1799,5,2025-12-05,362.41
1800,5,2025-12-06,398.75
1801,5,2025-12-07,432.24
1802,5,2025-12-08,430.65
1803,5,2025-12-09,361.61
1804,5,2025-12-10,419.86
1805,5,2025-12-11,387.33
1806,5,2025-12-12,427.15
1807,5,2025-12-13,390.99
1808,5,2025-12-14,395.09
1809,5,2025-12-15,369.86
1810,5,2025-12-16,427.24
1811,5,2025-12-17,415.94
1812,5,2025-12-18,364.35
1813,5,2025-12-19,400.12
1814,5,2025-12-20,406.98
1815,5,2025-12-21,364.0
1816,5,2025-12-22,390.51
1817,5,2025-12-23,386.22
1818,5,2025-12-24,429.46
1819,5,2025-12-25,367.68
1820,5,2025-12-26,370.49
1821,5,2025-12-27,414.32
1822,5,2025-12-28,425.07
1823,5,2025-12-29,418.64
1824,5,2025-12-30,424.7
1825,5,2025-12-31,420.63
