UsageID,HostelID,Date,LitersConsumed
1,1,2025-01-01,12228.7
2,1,2025-01-02,12505.3
3,1,2025-01-03,12184.8
4,1,2025-01-04,14134.4
5,1,2025-01-05,14070.9
6,1,2025-01-06,12948.8
7,1,2025-01-07,12321.3
8,1,2025-01-08,14404.2
9,1,2025-01-09,14520.9
10,1,2025-01-10,14023.9
11,1,2025-01-11,14046.6
12,1,2025-01-12,12382.8
13,1,2025-01-13,14401.1
14,1,2025-01-14,13594.9
15,1,2025-01-15,13261.7
16,1,2025-01-16,12729.3
17,1,2025-01-17,13436.3
18,1,2025-01-18,14778.6
19,1,2025-01-19,12949.7
20,1,2025-01-20,13184.3
21,1,2025-01-21,14329.3
22,1,2025-01-22,13730.5
23,1,2025-01-23,12658.2
24,1,2025-01-24,12541.1
25,1,2025-01-25,13983.8
26,1,2025-01-26,12790.5
27,1,2025-01-27,13717.4
28,1,2025-01-28,14757.9
29,1,2025-01-29,13143.1
30,1,2025-01-30,12808.1
31,1,2025-01-31,13197.0
32,1,2025-02-01,12397.2
33,1,2025-02-02,12205.8
34,1,2025-02-03,12682.6
35,1,2025-02-04,13195.1
36,1,2025-02-05,12614.3
37,1,2025-02-06,12163.3
38,1,2025-02-07,13235.4
39,1,2025-02-08,14218.9
40,1,2025-02-09,13858.9
41,1,2025-02-10,13466.9
42,1,2025-02-11,12400.5
43,1,2025-02-12,14587.5
44,1,2025-02-13,13683.3
45,1,2025-02-14,13875.9
46,1,2025-02-15,12584.0
47,1,2025-02-16,12927.0
48,1,2025-02-17,12441.8
49,1,2025-02-18,13243.7
50,1,2025-02-19,12224.4
51,1,2025-02-20,13962.4
52,1,2025-02-21,14188.5
53,1,2025-02-22,13092.7
54,1,2025-02-23,14592.3
55,1,2025-02-24,14136.8
56,1,2025-02-25,14245.6
57,1,2025-02-26,13692.2
58,1,2025-02-27,14438.9
59,1,2025-02-28,12871.7
60,1,2025-03-01,13412.3
61,1,2025-03-02,13566.9
62,1,2025-03-03,14068.8
63,1,2025-03-04,13835.3
64,1,2025-03-05,14291.8
65,1,2025-03-06,12428.8
66,1,2025-03-07,12311.7
67,1,2025-03-08,14050.5
68,1,2025-03-09,12640.6
69,1,2025-03-10,14364.4
70,1,2025-03-11,12723.6
71,1,2025-03-12,14012.7
72,1,2025-03-13,14487.4
73,1,2025-03-14,13552.2
74,1,2025-03-15,12518.8
75,1,2025-03-16,13517.0
76,1,2025-03-17,13561.0
77,1,2025-03-18,12215.3
78,1,2025-03-19,14192.2
79,1,2025-03-20,14305.4
80,1,2025-03-21,14132.1
81,1,2025-03-22,13189.6
82,1,2025-03-23,13037.4
83,1,2025-03-24,13454.4
84,1,2025-03-25,13349.4
85,1,2025-03-26,12861.0
86,1,2025-03-27,13744.3
87,1,2025-03-28,14507.7
88,1,2025-03-29,13145.8
89,1,2025-03-30,13910.5
90,1,2025-03-31,12746.1
91,1,2025-04-01,14846.5
92,1,2025-04-02,15686.3
93,1,2025-04-03,15088.0
94,1,2025-04-04,16684.1
95,1,2025-04-05,14993.4
96,1,2025-04-06,14964.5
97,1,2025-04-07,15979.8
98,1,2025-04-08,17599.9
99,1,2025-04-09,17486.8
100,1,2025-04-10,15128.7
101,1,2025-04-11,16418.4
102,1,2025-04-12,15136.7
103,1,2025-04-13,14829.8
104,1,2025-04-14,17672.8
105,1,2025-04-15,17200.2
106,1,2025-04-16,16183.3
107,1,2025-04-17,14601.9
108,1,2025-04-18,14730.4
109,1,2025-04-19,16451.9
110,1,2025-04-20,15517.2
111,1,2025-04-21,16642.5
112,1,2025-04-22,15208.2
113,1,2025-04-23,17126.1
114,1,2025-04-24,17555.4
115,1,2025-04-25,14987.2
116,1,2025-04-26,15501.8
117,1,2025-04-27,16099.8
118,1,2025-04-28,14809.9
119,1,2025-04-29,17319.4
120,1,2025-04-30,15665.2
121,1,2025-05-01,17150.7
122,1,2025-05-02,15613.0
123,1,2025-05-03,16112.5
124,1,2025-05-04,17552.8
125,1,2025-05-05,15081.9
126,1,2025-05-06,15300.9
127,1,2025-05-07,15760.6
128,1,2025-05-08,14588.8
129,1,2025-05-09,16217.2
130,1,2025-05-10,15446.9
131,1,2025-05-11,17506.9
132,1,2025-05-12,14910.0
133,1,2025-05-13,17814.1
134,1,2025-05-14,15028.7
135,1,2025-05-15,15452.9
136,1,2025-05-16,17647.1
137,1,2025-05-17,16698.3
138,1,2025-05-18,14954.9
139,1,2025-05-19,15639.5
140,1,2025-05-20,17071.8
141,1,2025-05-21,15531.5
142,1,2025-05-22,15623.8
143,1,2025-05-23,17356.4
144,1,2025-05-24,15155.9
145,1,2025-05-25,15131.1
146,1,2025-05-26,14924.2
147,1,2025-05-27,16020.9
148,1,2025-05-28,17279.7
149,1,2025-05-29,16310.8
150,1,2025-05-30,16452.7
151,1,2025-05-31,16044.6
152,1,2025-06-01,15356.3
153,1,2025-06-02,17414.3
154,1,2025-06-03,15612.6
155,1,2025-06-04,15460.9
156,1,2025-06-05,17367.7
157,1,2025-06-06,16453.1
158,1,2025-06-07,14870.7
159,1,2025-06-08,15513.7
160,1,2025-06-09,15213.6
161,1,2025-06-10,15814.5
162,1,2025-06-11,16957.4
163,1,2025-06-12,17800.8
164,1,2025-06-13,15986.0
165,1,2025-06-14,16702.8
166,1,2025-06-15,16567.6
167,1,2025-06-16,15427.1
168,1,2025-06-17,17735.2
169,1,2025-06-18,16796.4
170,1,2025-06-19,15628.4
171,1,2025-06-20,17710.2
172,1,2025-06-21,16299.3
173,1,2025-06-22,17785.3
174,1,2025-06-23,15391.7
175,1,2025-06-24,17497.9
176,1,2025-06-25,15408.1
177,1,2025-06-26,16475.9
178,1,2025-06-27,15050.3
179,1,2025-06-28,14751.4
180,1,2025-06-29,17715.6
181,1,2025-06-30,17521.3
182,1,2025-07-01,12888.6
183,1,2025-07-02,14600.8
184,1,2025-07-03,14322.9
185,1,2025-07-04,14364.9
186,1,2025-07-05,13075.2
187,1,2025-07-06,13521.4
188,1,2025-07-07,13647.9
189,1,2025-07-08,14849.1
190,1,2025-07-09,13777.8
191,1,2025-07-10,14755.1
192,1,2025-07-11,14634.8
193,1,2025-07-12,12787.4
194,1,2025-07-13,12542.8
195,1,2025-07-14,13276.3
196,1,2025-07-15,14389.4
197,1,2025-07-16,13870.0
198,1,2025-07-17,12825.2
199,1,2025-07-18,14237.8
200,1,2025-07-19,13040.2
201,1,2025-07-20,14795.4
202,1,2025-07-21,14586.6
203,1,2025-07-22,12619.6
204,1,2025-07-23,12689.9
205,1,2025-07-24,12473.7
206,1,2025-07-25,14734.8
207,1,2025-07-26,12986.3
208,1,2025-07-27,14171.7
209,1,2025-07-28,14106.2
210,1,2025-07-29,13980.6
211,1,2025-07-30,12156.3
212,1,2025-07-31,12344.4
213,1,2025-08-01,14807.3
214,1,2025-08-02,12262.9
215,1,2025-08-03,14584.7
216,1,2025-08-04,12841.2
217,1,2025-08-05,14281.3
218,1,2025-08-06,12503.2
219,1,2025-08-07,13778.5
220,1,2025-08-08,12894.4
221,1,2025-08-09,12702.3
222,1,2025-08-10,14753.8
223,1,2025-08-11,14769.6
224,1,2025-08-12,14030.4
225,1,2025-08-13,13281.8
226,1,2025-08-14,13307.1
227,1,2025-08-15,13599.3
228,1,2025-08-16,12651.4
229,1,2025-08-17,14672.1
230,1,2025-08-18,14480.2
231,1,2025-08-19,14205.6
232,1,2025-08-20,13165.5
233,1,2025-08-21,13547.5
234,1,2025-08-22,13251.8
235,1,2025-08-23,12601.7
236,1,2025-08-24,13304.2
237,1,2025-08-25,12703.2
238,1,2025-08-26,14274.3
239,1,2025-08-27,14637.3
240,1,2025-08-28,13305.0
241,1,2025-08-29,12743.9
242,1,2025-08-30,12559.3
243,1,2025-08-31,13144.1
244,1,2025-09-01,12686.9
245,1,2025-09-02,14484.1
246,1,2025-09-03,12245.3
247,1,2025-09-04,14647.7
248,1,2025-09-05,14716.7
249,1,2025-09-06,12926.9
250,1,2025-09-07,13005.3
251,1,2025-09-08,13933.9
252,1,2025-09-09,14063.7
253,1,2025-09-10,13089.4
254,1,2025-09-11,14435.8
255,1,2025-09-12,12513.8
256,1,2025-09-13,13796.7
257,1,2025-09-14,14402.7
258,1,2025-09-15,14147.5
259,1,2025-09-16,12235.2
260,1,2025-09-17,14380.7
261,1,2025-09-18,13893.9
262,1,2025-09-19,13839.4
263,1,2025-09-20,13136.3
264,1,2025-09-21,13586.7
265,1,2025-09-22,14603.0
266,1,2025-09-23,14061.2
267,1,2025-09-24,14230.6
268,1,2025-09-25,12372.1
269,1,2025-09-26,14030.3
270,1,2025-09-27,12213.0
271,1,2025-09-28,14677.3
272,1,2025-09-29,12435.1
273,1,2025-09-30,12734.7
274,1,2025-10-01,14494.6
275,1,2025-10-02,14038.6
276,1,2025-10-03,12580.1
277,1,2025-10-04,12745.3
278,1,2025-10-05,13971.7
279,1,2025-10-06,13269.5
280,1,2025-10-07,13952.5
281,1,2025-10-08,12969.3
282,1,2025-10-09,13963.3
283,1,2025-10-10,13120.5
284,1,2025-10-11,14501.9
285,1,2025-10-12,13958.1
286,1,2025-10-13,14398.9
287,1,2025-10-14,12592.6
288,1,2025-10-15,14848.7
289,1,2025-10-16,14641.0
290,1,2025-10-17,14805.0
291,1,2025-10-18,13677.8
292,1,2025-10-19,13146.7
293,1,2025-10-20,14131.7
294,1,2025-10-21,14418.1
295,1,2025-10-22,14720.9
296,1,2025-10-23,13952.6
297,1,2025-10-24,14070.2
298,1,2025-10-25,14337.3
299,1,2025-10-26,13800.0
300,1,2025-10-27,12449.5
301,1,2025-10-28,13592.8
302,1,2025-10-29,13848.1
303,1,2025-10-30,14602.2
304,1,2025-10-31,12573.4
305,1,2025-11-01,13309.4
306,1,2025-11-02,12691.8
307,1,2025-11-03,14322.0
308,1,2025-11-04,12408.9
309,1,2025-11-05,13870.3
310,1,2025-11-06,13999.3
311,1,2025-11-07,13245.8
312,1,2025-11-08,13684.1
313,1,2025-11-09,14407.5
314,1,2025-11-10,12220.9
315,1,2025-11-11,13310.6
316,1,2025-11-12,14472.1
317,1,2025-11-13,14063.0
318,1,2025-11-14,14033.6
319,1,2025-11-15,13051.0
320,1,2025-11-16,13330.5
321,1,2025-11-17,12338.1
322,1,2025-11-18,12486.5
323,1,2025-11-19,14729.3
324,1,2025-11-20,12481.3
325,1,2025-11-21,12206.7
326,1,2025-11-22,14728.2
327,1,2025-11-23,12846.0
328,1,2025-11-24,14642.0
329,1,2025-11-25,12753.1
330,1,2025-11-26,13663.1
331,1,2025-11-27,14790.0
332,1,2025-11-28,12235.9
333,1,2025-11-29,14074.6
334,1,2025-11-30,12370.5
335,1,2025-12-01,12528.1
336,1,2025-12-02,12845.2
337,1,2025-12-03,12416.2
338,1,2025-12-04,13226.6
339,1,2025-12-05,14115.3
340,1,2025-12-06,12756.8
341,1,2025-12-07,14481.1
342,1,2025-12-08,13134.1
343,1,2025-12-09,13457.3
344,1,2025-12-10,14303.8
345,1,2025-12-11,12831.7
346,1,2025-12-12,14286.4
347,1,2025-12-13,12949.1
348,1,2025-12-14,13826.9
349,1,2025-12-15,12669.3
350,1,2025-12-16,12732.5
351,1,2025-12-17,12837.7
352,1,2025-12-18,12248.2
353,1,2025-12-19,12449.6
354,1,2025-12-20,14406.1
355,1,2025-12-21,12236.2
356,1,2025-12-22,12600.1
357,1,2025-12-23,13451.5
358,1,2025-12-24,13329.2
359,1,2025-12-25,13968.6
360,1,2025-12-26,13726.3
361,1,2025-12-27,12981.9
362,1,2025-12-28,13783.6
363,1,2025-12-29,14399.4
364,1,2025-12-30,12992.5
365,1,2025-12-31,13858.0
366,2,2025-01-01,12453.4
367,2,2025-01-02,14659.9
368,2,2025-01-03,14788.3
369,2,2025-01-04,13287.0
370,2,2025-01-05,13894.5
371,2,2025-01-06,13349.9
372,2,2025-01-07,13265.9
373,2,2025-01-08,12604.6
374,2,2025-01-09,14362.4
375,2,2025-01-10,14169.0
376,2,2025-01-11,12888.8
377,2,2025-01-12,13143.9
378,2,2025-01-13,14038.4
379,2,2025-01-14,13263.8
380,2,2025-01-15,12266.0
381,2,2025-01-16,12577.9
382,2,2025-01-17,12907.4
383,2,2025-01-18,13468.7
384,2,2025-01-19,12269.7
385,2,2025-01-20,14632.5
386,2,2025-01-21,13436.6
387,2,2025-01-22,14785.3
388,2,2025-01-23,14640.9
389,2,2025-01-24,12957.5
390,2,2025-01-25,12319.0
391,2,2025-01-26,13651.1
392,2,2025-01-27,13163.5
393,2,2025-01-28,13325.2
394,2,2025-01-29,14767.2
395,2,2025-01-30,13221.5
396,2,2025-01-31,14162.6
397,2,2025-02-01,14519.6
398,2,2025-02-02,12658.8
399,2,2025-02-03,12995.0
400,2,2025-02-04,14111.3
401,2,2025-02-05,13352.2
402,2,2025-02-06,13878.8
403,2,2025-02-07,13476.3
404,2,2025-02-08,12439.8
405,2,2025-02-09,12655.6
406,2,2025-02-10,14743.2
407,2,2025-02-11,13975.2
408,2,2025-02-12,14184.6
409,2,2025-02-13,12859.2
410,2,2025-02-14,13875.3
411,2,2025-02-15,13308.6
412,2,2025-02-16,12453.6
413,2,2025-02-17,13395.3
414,2,2025-02-18,12243.6
415,2,2025-02-19,14409.7
416,2,2025-02-20,14622.5
417,2,2025-02-21,13956.0
418,2,2025-02-22,12671.0
419,2,2025-02-23,12771.4
420,2,2025-02-24,12612.2
421,2,2025-02-25,12638.7
422,2,2025-02-26,13785.2
423,2,2025-02-27,12372.7
424,2,2025-02-28,13483.6
425,2,2025-03-01,14161.9
426,2,2025-03-02,13340.4
427,2,2025-03-03,13062.2
428,2,2025-03-04,12657.0
429,2,2025-03-05,12358.4
430,2,2025-03-06,14684.1
431,2,2025-03-07,13108.7
432,2,2025-03-08,13344.6
433,2,2025-03-09,12402.2
434,2,2025-03-10,13694.8
435,2,2025-03-11,12965.2
436,2,2025-03-12,12517.2
437,2,2025-03-13,14244.3
438,2,2025-03-14,14316.2
439,2,2025-03-15,12730.8
440,2,2025-03-16,14555.4
441,2,2025-03-17,12652.2
442,2,2025-03-18,13518.4
443,2,2025-03-19,12717.6
444,2,2025-03-20,13696.8
445,2,2025-03-21,13522.0
446,2,2025-03-22,13609.0
447,2,2025-03-23,14152.0
448,2,2025-03-24,12614.8
449,2,2025-03-25,14647.5
450,2,2025-03-26,13806.5
451,2,2025-03-27,13661.1
452,2,2025-03-28,13349.0
453,2,2025-03-29,13600.9
454,2,2025-03-30,13283.9
455,2,2025-03-31,13300.6
456,2,2025-04-01,17793.4
457,2,2025-04-02,14706.8
458,2,2025-04-03,15381.9
459,2,2025-04-04,17600.5
460,2,2025-04-05,17445.9
461,2,2025-04-06,15386.2
462,2,2025-04-07,17477.1
463,2,2025-04-08,15051.4
464,2,2025-04-09,15625.0
465,2,2025-04-10,15278.1
466,2,2025-04-11,14585.6
467,2,2025-04-12,17376.4
468,2,2025-04-13,14844.7
469,2,2025-04-14,16885.0
470,2,2025-04-15,17570.9
471,2,2025-04-16,14888.0
472,2,2025-04-17,14748.3
473,2,2025-04-18,14910.4
474,2,2025-04-19,17396.1
475,2,2025-04-20,15700.0
476,2,2025-04-21,16709.7
477,2,2025-04-22,15395.4
478,2,2025-04-23,17370.6
479,2,2025-04-24,15305.5
480,2,2025-04-25,17137.3
481,2,2025-04-26,17017.9
482,2,2025-04-27,15761.2
483,2,2025-04-28,15504.1
484,2,2025-04-29,15869.7
485,2,2025-04-30,15174.9
486,2,2025-05-01,14609.0
487,2,2025-05-02,15632.6
488,2,2025-05-03,15260.5
489,2,2025-05-04,17068.1
490,2,2025-05-05,17791.5
491,2,2025-05-06,16510.2
492,2,2025-05-07,15115.2
493,2,2025-05-08,17019.0
494,2,2025-05-09,15928.6
495,2,2025-05-10,17754.4
496,2,2025-05-11,15672.4
497,2,2025-05-12,16788.4
498,2,2025-05-13,17276.4
499,2,2025-05-14,17763.6
500,2,2025-05-15,15393.2
501,2,2025-05-16,17747.7
502,2,2025-05-17,16435.3
503,2,2025-05-18,16365.4
504,2,2025-05-19,17773.4
505,2,2025-05-20,15575.3
506,2,2025-05-21,15586.6
507,2,2025-05-22,15497.0
508,2,2025-05-23,16361.1
509,2,2025-05-24,16201.2
510,2,2025-05-25,16263.2
511,2,2025-05-26,16064.7
512,2,2025-05-27,16728.3
513,2,2025-05-28,17220.0
514,2,2025-05-29,15740.6
515,2,2025-05-30,15903.3
516,2,2025-05-31,17601.8
517,2,2025-06-01,15563.9
518,2,2025-06-02,15472.3
519,2,2025-06-03,16993.9
520,2,2025-06-04,17195.0
521,2,2025-06-05,16864.3
522,2,2025-06-06,15610.7
523,2,2025-06-07,16227.7
524,2,2025-06-08,15348.5
525,2,2025-06-09,15750.5
526,2,2025-06-10,16593.9
527,2,2025-06-11,14972.8
528,2,2025-06-12,16815.1
529,2,2025-06-13,15743.0
530,2,2025-06-14,15946.0
531,2,2025-06-15,17417.2
532,2,2025-06-16,16349.9
533,2,2025-06-17,14581.5
534,2,2025-06-18,16422.8
535,2,2025-06-19,14865.7
536,2,2025-06-20,16228.3
537,2,2025-06-21,15143.3
538,2,2025-06-22,16079.0
539,2,2025-06-23,17554.7
540,2,2025-06-24,17648.3
541,2,2025-06-25,15922.9
542,2,2025-06-26,16633.2
543,2,2025-06-27,17242.9
544,2,2025-06-28,16119.5
545,2,2025-06-29,16056.7
546,2,2025-06-30,14899.5
547,2,2025-07-01,13373.4
548,2,2025-07-02,12412.6
549,2,2025-07-03,13209.7
550,2,2025-07-04,14022.4
551,2,2025-07-05,13451.7
552,2,2025-07-06,14157.7
553,2,2025-07-07,14623.2
554,2,2025-07-08,12795.7
555,2,2025-07-09,12981.0
556,2,2025-07-10,13640.5
557,2,2025-07-11,12466.2
558,2,2025-07-12,14632.8
559,2,2025-07-13,12929.1
560,2,2025-07-14,13869.6
561,2,2025-07-15,12952.4
562,2,2025-07-16,14167.7
563,2,2025-07-17,14762.0
564,2,2025-07-18,13748.7
565,2,2025-07-19,13678.9
566,2,2025-07-20,13432.6
567,2,2025-07-21,13096.5
568,2,2025-07-22,14148.3
569,2,2025-07-23,13887.5
570,2,2025-07-24,14732.5
571,2,2025-07-25,12675.2
572,2,2025-07-26,14454.7
573,2,2025-07-27,13358.7
574,2,2025-07-28,14571.0
575,2,2025-07-29,13436.2
576,2,2025-07-30,14138.1
577,2,2025-07-31,12402.4
578,2,2025-08-01,12334.7
579,2,2025-08-02,13419.1
580,2,2025-08-03,14019.6
581,2,2025-08-04,12923.9
582,2,2025-08-05,13829.2
583,2,2025-08-06,14120.6
584,2,2025-08-07,13410.8
585,2,2025-08-08,12712.9
586,2,2025-08-09,12729.5
587,2,2025-08-10,12227.3
588,2,2025-08-11,12487.3
589,2,2025-08-12,14776.1
590,2,2025-08-13,13703.8
591,2,2025-08-14,13362.1
592,2,2025-08-15,12530.4
593,2,2025-08-16,13795.3
594,2,2025-08-17,13959.7
595,2,2025-08-18,13907.4
596,2,2025-08-19,12832.4
597,2,2025-08-20,14724.0
598,2,2025-08-21,14390.9
599,2,2025-08-22,13921.2
600,2,2025-08-23,13289.3
601,2,2025-08-24,12798.5
602,2,2025-08-25,14293.6
603,2,2025-08-26,14741.1
604,2,2025-08-27,12746.9
605,2,2025-08-28,12865.6
606,2,2025-08-29,12611.6
607,2,2025-08-30,13347.3
608,2,2025-08-31,14688.5
609,2,2025-09-01,13380.1
610,2,2025-09-02,12464.1
611,2,2025-09-03,14830.9
612,2,2025-09-04,12987.6
613,2,2025-09-05,13906.6
614,2,2025-09-06,13652.0
615,2,2025-09-07,13306.6
616,2,2025-09-08,14099.8
617,2,2025-09-09,12879.6
618,2,2025-09-10,12745.2
619,2,2025-09-11,13181.2
620,2,2025-09-12,12945.4
621,2,2025-09-13,13988.5
622,2,2025-09-14,14056.2
623,2,2025-09-15,14101.9
624,2,2025-09-16,14241.2
625,2,2025-09-17,13454.7
626,2,2025-09-18,12589.5
627,2,2025-09-19,13446.0
628,2,2025-09-20,12281.5
629,2,2025-09-21,13011.2
630,2,2025-09-22,13537.9
631,2,2025-09-23,14758.1
632,2,2025-09-24,14531.9
633,2,2025-09-25,12734.5
634,2,2025-09-26,14735.6
635,2,2025-09-27,12932.6
636,2,2025-09-28,12504.3
637,2,2025-09-29,14062.6
638,2,2025-09-30,13047.7
639,2,2025-10-01,13455.9
640,2,2025-10-02,12706.9
641,2,2025-10-03,12376.4
642,2,2025-10-04,13644.6
643,2,2025-10-05,12717.2
644,2,2025-10-06,12891.3
645,2,2025-10-07,14292.0
646,2,2025-10-08,14228.3
647,2,2025-10-09,12303.3
648,2,2025-10-10,13814.0
649,2,2025-10-11,13457.5
650,2,2025-10-12,14001.6
651,2,2025-10-13,14374.0
652,2,2025-10-14,12557.2
653,2,2025-10-15,12318.4
654,2,2025-10-16,14691.9
655,2,2025-10-17,14652.5
656,2,2025-10-18,13671.7
657,2,2025-10-19,13437.0
658,2,2025-10-20,12528.9
659,2,2025-10-21,14660.7
660,2,2025-10-22,12159.8
661,2,2025-10-23,12362.5
662,2,2025-10-24,12823.8
663,2,2025-10-25,14658.5
664,2,2025-10-26,13964.9
665,2,2025-10-27,13584.3
666,2,2025-10-28,13887.8
667,2,2025-10-29,12227.6
668,2,2025-10-30,13914.7
669,2,2025-10-31,13392.1
670,2,2025-11-01,14324.2
671,2,2025-11-02,13486.6
672,2,2025-11-03,12227.8
673,2,2025-11-04,13861.8
674,2,2025-11-05,12166.7
675,2,2025-11-06,12823.4
676,2,2025-11-07,14660.2
677,2,2025-11-08,13979.5
678,2,2025-11-09,13825.1
679,2,2025-11-10,12494.3
680,2,2025-11-11,14516.5
681,2,2025-11-12,12492.7
682,2,2025-11-13,12184.8
683,2,2025-11-14,12463.6
684,2,2025-11-15,12546.3
685,2,2025-11-16,13409.9
686,2,2025-11-17,13890.1
687,2,2025-11-18,14303.2
688,2,2025-11-19,12380.8
689,2,2025-11-20,14840.2
690,2,2025-11-21,12228.2
691,2,2025-11-22,14089.9
692,2,2025-11-23,13698.2
693,2,2025-11-24,12980.1
694,2,2025-11-25,12206.3
695,2,2025-11-26,13373.6
696,2,2025-11-27,12689.0
697,2,2025-11-28,14095.0
698,2,2025-11-29,13367.0
699,2,2025-11-30,12567.4
700,2,2025-12-01,14116.5
701,2,2025-12-02,13461.9
702,2,2025-12-03,13960.8
703,2,2025-12-04,13152.7
704,2,2025-12-05,13785.2
705,2,2025-12-06,13274.2
706,2,2025-12-07,14808.2
707,2,2025-12-08,14205.9
708,2,2025-12-09,13094.4
709,2,2025-12-10,13976.8
710,2,2025-12-11,12248.9
711,2,2025-12-12,13897.1
712,2,2025-12-13,13586.4
713,2,2025-12-14,12829.7
714,2,2025-12-15,12502.5
715,2,2025-12-16,14099.5
716,2,2025-12-17,14680.7
717,2,2025-12-18,13560.0
718,2,2025-12-19,13352.7
719,2,2025-12-20,12181.6
720,2,2025-12-21,12464.8
721,2,2025-12-22,13569.9
722,2,2025-12-23,13963.3
723,2,2025-12-24,12896.1
724,2,2025-12-25,13442.9
725,2,2025-12-26,14793.4
726,2,2025-12-27,12988.7
727,2,2025-12-28,13852.7
728,2,2025-12-29,13573.4
729,2,2025-12-30,14343.4
730,2,2025-12-31,12891.1
731,3,2025-01-01,12663.5
732,3,2025-01-02,13339.1
733,3,2025-01-03,12424.8
734,3,2025-01-04,12215.8
735,3,2025-01-05,13611.1
736,3,2025-01-06,12349.9
737,3,2025-01-07,13472.3
738,3,2025-01-08,12779.4
739,3,2025-01-09,14100.6
740,3,2025-01-10,13740.5
741,3,2025-01-11,12440.7
742,3,2025-01-12,14787.3
743,3,2025-01-13,14416.1
744,3,2025-01-14,13551.5
745,3,2025-01-15,13885.0
746,3,2025-01-16,12848.7
747,3,2025-01-17,13440.8
748,3,2025-01-18,13788.3
749,3,2025-01-19,13541.2
750,3,2025-01-20,13145.6
751,3,2025-01-21,12348.3
752,3,2025-01-22,14293.6
753,3,2025-01-23,14454.2
754,3,2025-01-24,13642.1
755,3,2025-01-25,12824.2
756,3,2025-01-26,13487.7
757,3,2025-01-27,13036.2
758,3,2025-01-28,12260.4
759,3,2025-01-29,13880.4
760,3,2025-01-30,14479.5
761,3,2025-01-31,12488.3
762,3,2025-02-01,12639.3
763,3,2025-02-02,12804.2
764,3,2025-02-03,12999.0
765,3,2025-02-04,12320.0
766,3,2025-02-05,12631.5
767,3,2025-02-06,12204.8
768,3,2025-02-07,13752.8
769,3,2025-02-08,13629.8
770,3,2025-02-09,13086.5
771,3,2025-02-10,13987.9
772,3,2025-02-11,12297.3
773,3,2025-02-12,12993.4
774,3,2025-02-13,12530.2
775,3,2025-02-14,14185.9
776,3,2025-02-15,13111.7
777,3,2025-02-16,14351.9
778,3,2025-02-17,13940.8
779,3,2025-02-18,13193.2
780,3,2025-02-19,13114.6
781,3,2025-02-20,12701.3
782,3,2025-02-21,12647.5
783,3,2025-02-22,12316.7
784,3,2025-02-23,13025.1
785,3,2025-02-24,14726.4
786,3,2025-02-25,12920.4
787,3,2025-02-26,14358.2
788,3,2025-02-27,13094.5
789,3,2025-02-28,12363.4
790,3,2025-03-01,12674.8
791,3,2025-03-02,14535.3
792,3,2025-03-03,13316.3
793,3,2025-03-04,12883.3
794,3,2025-03-05,13168.9
795,3,2025-03-06,13813.7
796,3,2025-03-07,14165.2
797,3,2025-03-08,14151.9
798,3,2025-03-09,13509.1
799,3,2025-03-10,14122.8
800,3,2025-03-11,13319.8
801,3,2025-03-12,13999.7
802,3,2025-03-13,13709.7
803,3,2025-03-14,13641.2
804,3,2025-03-15,13924.7
805,3,2025-03-16,13317.6
806,3,2025-03-17,14035.2
807,3,2025-03-18,14281.1
808,3,2025-03-19,13910.8
809,3,2025-03-20,14360.1
810,3,2025-03-21,14546.0
811,3,2025-03-22,12321.9
812,3,2025-03-23,13242.1
813,3,2025-03-24,12826.1
814,3,2025-03-25,12833.2
815,3,2025-03-26,13494.0
816,3,2025-03-27,12520.0
817,3,2025-03-28,12637.3
818,3,2025-03-29,14702.3
819,3,2025-03-30,12232.9
820,3,2025-03-31,13338.7
821,3,2025-04-01,15534.9
822,3,2025-04-02,16657.4
823,3,2025-04-03,16623.7
824,3,2025-04-04,16647.2
825,3,2025-04-05,14731.4
826,3,2025-04-06,15075.0
827,3,2025-04-07,15836.8
828,3,2025-04-08,16601.5
829,3,2025-04-09,17368.2
830,3,2025-04-10,16499.8
831,3,2025-04-11,17685.3
832,3,2025-04-12,15119.4
833,3,2025-04-13,15597.9
834,3,2025-04-14,16094.0
835,3,2025-04-15,16180.5
836,3,2025-04-16,17336.7
837,3,2025-04-17,17323.3
838,3,2025-04-18,16039.4
839,3,2025-04-19,14727.3
840,3,2025-04-20,17819.7
841,3,2025-04-21,14716.0
842,3,2025-04-22,17209.8
843,3,2025-04-23,16871.4
844,3,2025-04-24,15464.1
845,3,2025-04-25,16698.9
846,3,2025-04-26,17056.9
847,3,2025-04-27,17349.9
848,3,2025-04-28,16088.6
849,3,2025-04-29,17158.4
850,3,2025-04-30,16959.3
851,3,2025-05-01,15647.9
852,3,2025-05-02,16548.3
853,3,2025-05-03,14750.0
854,3,2025-05-04,14788.5
855,3,2025-05-05,14614.6
856,3,2025-05-06,16820.7
857,3,2025-05-07,16924.3
858,3,2025-05-08,17548.3
859,3,2025-05-09,17152.2
860,3,2025-05-10,15324.0
861,3,2025-05-11,15343.8
862,3,2025-05-12,16060.5
863,3,2025-05-13,16229.1
864,3,2025-05-14,17749.8
865,3,2025-05-15,16727.6
866,3,2025-05-16,14723.5
867,3,2025-05-17,14641.2
868,3,2025-05-18,15178.2
869,3,2025-05-19,15039.3
870,3,2025-05-20,16416.7
871,3,2025-05-21,16015.8
872,3,2025-05-22,15816.2
873,3,2025-05-23,16700.7
874,3,2025-05-24,15452.3
875,3,2025-05-25,14753.5
876,3,2025-05-26,14718.5
877,3,2025-05-27,17548.4
878,3,2025-05-28,14581.7
879,3,2025-05-29,17696.0
880,3,2025-05-30,16740.6
881,3,2025-05-31,16144.7
882,3,2025-06-01,17127.2
883,3,2025-06-02,17161.9
884,3,2025-06-03,17548.9
885,3,2025-06-04,16422.4
886,3,2025-06-05,15537.8
887,3,2025-06-06,16541.6
888,3,2025-06-07,15559.6
889,3,2025-06-08,17443.7
890,3,2025-06-09,15294.6
891,3,2025-06-10,16794.8
892,3,2025-06-11,17128.4
893,3,2025-06-12,17350.0
894,3,2025-06-13,15597.5
895,3,2025-06-14,15049.4
896,3,2025-06-15,15097.4
897,3,2025-06-16,15959.7
898,3,2025-06-17,17640.9
899,3,2025-06-18,14914.6
900,3,2025-06-19,17275.1
901,3,2025-06-20,16614.8
902,3,2025-06-21,15172.1
903,3,2025-06-22,16549.5
904,3,2025-06-23,16254.5
905,3,2025-06-24,16719.3
906,3,2025-06-25,16045.1
907,3,2025-06-26,17684.5
908,3,2025-06-27,17526.9
909,3,2025-06-28,15299.5
910,3,2025-06-29,15220.3
911,3,2025-06-30,15582.9
912,3,2025-07-01,12668.6
913,3,2025-07-02,14604.7
914,3,2025-07-03,12315.1
915,3,2025-07-04,12549.9
916,3,2025-07-05,12296.6
917,3,2025-07-06,12246.9
918,3,2025-07-07,12940.1
919,3,2025-07-08,13411.7
920,3,2025-07-09,14689.0
921,3,2025-07-10,12759.7
922,3,2025-07-11,14541.8
923,3,2025-07-12,12791.3
924,3,2025-07-13,13082.7
925,3,2025-07-14,13908.7
926,3,2025-07-15,12915.8
927,3,2025-07-16,12758.0
928,3,2025-07-17,12660.5
929,3,2025-07-18,14513.2
930,3,2025-07-19,12867.8
931,3,2025-07-20,13423.9
932,3,2025-07-21,14760.2
933,3,2025-07-22,14119.0
934,3,2025-07-23,13660.0
935,3,2025-07-24,13533.8
936,3,2025-07-25,13683.7
937,3,2025-07-26,12716.9
938,3,2025-07-27,13193.8
939,3,2025-07-28,14507.0
940,3,2025-07-29,13550.5
941,3,2025-07-30,13650.7
942,3,2025-07-31,12833.4
943,3,2025-08-01,13452.8
944,3,2025-08-02,12727.3
945,3,2025-08-03,13768.9
946,3,2025-08-04,14840.8
947,3,2025-08-05,14632.1
948,3,2025-08-06,13823.8
949,3,2025-08-07,13907.6
950,3,2025-08-08,13917.9
951,3,2025-08-09,12491.1
952,3,2025-08-10,13948.9
953,3,2025-08-11,13600.4
954,3,2025-08-12,13326.7
955,3,2025-08-13,12472.3
956,3,2025-08-14,13980.2
957,3,2025-08-15,12507.8
958,3,2025-08-16,14372.7
959,3,2025-08-17,13762.7
960,3,2025-08-18,13410.2
961,3,2025-08-19,13710.2
962,3,2025-08-20,14621.4
963,3,2025-08-21,13639.3
964,3,2025-08-22,12498.6
965,3,2025-08-23,12521.8
966,3,2025-08-24,12382.9
967,3,2025-08-25,14660.9
968,3,2025-08-26,13441.9
969,3,2025-08-27,13587.6
970,3,2025-08-28,12880.1
971,3,2025-08-29,13391.9
972,3,2025-08-30,14331.9
973,3,2025-08-31,14849.7
974,3,2025-09-01,13300.1
975,3,2025-09-02,14333.0
976,3,2025-09-03,13699.4
977,3,2025-09-04,12967.5
978,3,2025-09-05,14789.1
979,3,2025-09-06,14150.3
980,3,2025-09-07,12942.8
981,3,2025-09-08,13215.0
982,3,2025-09-09,12420.0
983,3,2025-09-10,13760.5
984,3,2025-09-11,12587.3
985,3,2025-09-12,13391.9
986,3,2025-09-13,13032.0
987,3,2025-09-14,13371.2
988,3,2025-09-15,14091.7
989,3,2025-09-16,12883.7
990,3,2025-09-17,14391.5
991,3,2025-09-18,12423.8
992,3,2025-09-19,13398.6
993,3,2025-09-20,12400.6
994,3,2025-09-21,12850.1
995,3,2025-09-22,12442.3
996,3,2025-09-23,14800.6
997,3,2025-09-24,14229.0
998,3,2025-09-25,12158.2
999,3,2025-09-26,12493.3
1000,3,2025-09-27,12305.0
1001,3,2025-09-28,13791.7
1002,3,2025-09-29,12735.3
1003,3,2025-09-30,13140.2
1004,3,2025-10-01,14259.9
1005,3,2025-10-02,13795.4
1006,3,2025-10-03,12991.5
1007,3,2025-10-04,13719.3
1008,3,2025-10-05,12955.5
1009,3,2025-10-06,14617.4
1010,3,2025-10-07,12250.9
1011,3,2025-10-08,14628.1
1012,3,2025-10-09,13773.6
1013,3,2025-10-10,14526.5
1014,3,2025-10-11,12206.3
1015,3,2025-10-12,13309.9
1016,3,2025-10-13,13776.8
1017,3,2025-10-14,14560.7
1018,3,2025-10-15,12364.5
1019,3,2025-10-16,13114.2
1020,3,2025-10-17,13902.0
1021,3,2025-10-18,12799.3
1022,3,2025-10-19,13240.9
1023,3,2025-10-20,14637.8
1024,3,2025-10-21,14294.4
1025,3,2025-10-22,13821.1
1026,3,2025-10-23,13307.4
1027,3,2025-10-24,12629.0
1028,3,2025-10-25,14347.9
1029,3,2025-10-26,13263.2
1030,3,2025-10-27,14435.7
1031,3,2025-10-28,12667.7
1032,3,2025-10-29,14283.8
1033,3,2025-10-30,14654.3
1034,3,2025-10-31,14141.0
1035,3,2025-11-01,13718.7
1036,3,2025-11-02,12687.7
1037,3,2025-11-03,14031.6
1038,3,2025-11-04,13754.0
1039,3,2025-11-05,12938.5
1040,3,2025-11-06,13532.1
1041,3,2025-11-07,13478.0
1042,3,2025-11-08,12273.6
1043,3,2025-11-09,13491.6
1044,3,2025-11-10,14014.0
1045,3,2025-11-11,12949.2
1046,3,2025-11-12,14087.4
1047,3,2025-11-13,12444.9
1048,3,2025-11-14,13138.1
1049,3,2025-11-15,14045.2
1050,3,2025-11-16,12974.1
1051,3,2025-11-17,12676.0
1052,3,2025-11-18,13378.0
1053,3,2025-11-19,12579.3
1054,3,2025-11-20,13690.4
1055,3,2025-11-21,14806.7
1056,3,2025-11-22,13751.7
1057,3,2025-11-23,12915.9
1058,3,2025-11-24,14575.8
1059,3,2025-11-25,13210.7
1060,3,2025-11-26,13686.0
1061,3,2025-11-27,13350.1
1062,3,2025-11-28,13253.7
1063,3,2025-11-29,14138.8
1064,3,2025-11-30,13112.1
1065,3,2025-12-01,13460.7
1066,3,2025-12-02,12985.5
1067,3,2025-12-03,14744.9
1068,3,2025-12-04,13368.6
1069,3,2025-12-05,13998.5
1070,3,2025-12-06,13689.6
1071,3,2025-12-07,14823.6
1072,3,2025-12-08,12778.0
1073,3,2025-12-09,12182.7
1074,3,2025-12-10,13711.1
1075,3,2025-12-11,12196.7
1076,3,2025-12-12,14436.9
1077,3,2025-12-13,12334.1
1078,3,2025-12-14,13918.4
1079,3,2025-12-15,12704.0
1080,3,2025-12-16,14534.7
1081,3,2025-12-17,12904.5
1082,3,2025-12-18,14028.0
1083,3,2025-12-19,14047.1
1084,3,2025-12-20,14474.9
1085,3,2025-12-21,14107.7
1086,3,2025-12-22,13503.7
1087,3,2025-12-23,14205.3
1088,3,2025-12-24,13489.6
1089,3,2025-12-25,12506.9
1090,3,2025-12-26,14010.7
1091,3,2025-12-27,12626.7
1092,3,2025-12-28,13864.7
1093,3,2025-12-29,14576.8
1094,3,2025-12-30,14494.1
1095,3,2025-12-31,13000.3
1096,4,2025-01-01,14516.5
1097,4,2025-01-02,14134.4
1098,4,2025-01-03,14503.6
1099,4,2025-01-04,12974.6
1100,4,2025-01-05,12307.9
1101,4,2025-01-06,12736.0
1102,4,2025-01-07,14567.4
1103,4,2025-01-08,14766.5
1104,4,2025-01-09,14778.1
1105,4,2025-01-10,14743.6
1106,4,2025-01-11,12527.0
1107,4,2025-01-12,14066.7
1108,4,2025-01-13,14607.0
1109,4,2025-01-14,12426.2
1110,4,2025-01-15,12208.2
1111,4,2025-01-16,12697.1
1112,4,2025-01-17,12670.4
1113,4,2025-01-18,12727.9
1114,4,2025-01-19,12419.8
1115,4,2025-01-20,12177.7
1116,4,2025-01-21,13462.8
1117,4,2025-01-22,13543.2
1118,4,2025-01-23,14528.3
1119,4,2025-01-24,13512.4
1120,4,2025-01-25,14655.1
1121,4,2025-01-26,12318.7
1122,4,2025-01-27,13143.5
1123,4,2025-01-28,14589.9
1124,4,2025-01-29,14844.6
1125,4,2025-01-30,12911.3
1126,4,2025-01-31,13348.3
1127,4,2025-02-01,14121.8
1128,4,2025-02-02,12298.5
1129,4,2025-02-03,12664.0
1130,4,2025-02-04,12985.8
1131,4,2025-02-05,13139.9
1132,4,2025-02-06,12873.7
1133,4,2025-02-07,13396.4
1134,4,2025-02-08,13027.6
1135,4,2025-02-09,14479.7
1136,4,2025-02-10,13398.5
1137,4,2025-02-11,12759.1
1138,4,2025-02-12,14173.7
1139,4,2025-02-13,13922.0
1140,4,2025-02-14,12209.6
1141,4,2025-02-15,12485.4
1142,4,2025-02-16,12444.6
1143,4,2025-02-17,14587.5
1144,4,2025-02-18,13935.7
1145,4,2025-02-19,13916.6
1146,4,2025-02-20,12407.3
1147,4,2025-02-21,13441.6
1148,4,2025-02-22,13908.0
1149,4,2025-02-23,13695.3
1150,4,2025-02-24,14393.5
1151,4,2025-02-25,14558.8
1152,4,2025-02-26,14284.5
1153,4,2025-02-27,14375.1
1154,4,2025-02-28,13364.8
1155,4,2025-03-01,14580.1
1156,4,2025-03-02,13015.5
1157,4,2025-03-03,14831.1
1158,4,2025-03-04,12500.1
1159,4,2025-03-05,14433.8
1160,4,2025-03-06,13846.4
1161,4,2025-03-07,14062.1
1162,4,2025-03-08,14593.5
1163,4,2025-03-09,14142.2
1164,4,2025-03-10,13589.1
1165,4,2025-03-11,14484.7
1166,4,2025-03-12,13919.7
1167,4,2025-03-13,13478.1
1168,4,2025-03-14,13310.8
1169,4,2025-03-15,13611.6
1170,4,2025-03-16,13320.3
1171,4,2025-03-17,12940.3
1172,4,2025-03-18,14613.2
1173,4,2025-03-19,14286.0
1174,4,2025-03-20,12559.8
1175,4,2025-03-21,14156.9
1176,4,2025-03-22,12348.7
1177,4,2025-03-23,13025.5
1178,4,2025-03-24,14784.3
1179,4,2025-03-25,12690.6
1180,4,2025-03-26,12657.0
1181,4,2025-03-27,14323.1
1182,4,2025-03-28,14491.9
1183,4,2025-03-29,12732.9
1184,4,2025-03-30,13552.9
1185,4,2025-03-31,12200.1
1186,4,2025-04-01,17172.4
1187,4,2025-04-02,16355.6
1188,4,2025-04-03,16891.6
1189,4,2025-04-04,15548.9
1190,4,2025-04-05,16040.8
1191,4,2025-04-06,17422.5
1192,4,2025-04-07,16461.1
1193,4,2025-04-08,14978.1
1194,4,2025-04-09,15014.8
1195,4,2025-04-10,16515.7
1196,4,2025-04-11,15159.9
1197,4,2025-04-12,17719.8
1198,4,2025-04-13,15903.1
1199,4,2025-04-14,16966.7
1200,4,2025-04-15,14846.1
1201,4,2025-04-16,15679.0
1202,4,2025-04-17,17449.0
1203,4,2025-04-18,15081.2
1204,4,2025-04-19,15716.0
1205,4,2025-04-20,16828.7
1206,4,2025-04-21,14840.2
1207,4,2025-04-22,16574.3
1208,4,2025-04-23,16985.5
1209,4,2025-04-24,15765.2
1210,4,2025-04-25,15088.8
1211,4,2025-04-26,15391.8
1212,4,2025-04-27,15736.6
1213,4,2025-04-28,16698.1
1214,4,2025-04-29,16183.4
1215,4,2025-04-30,14733.7
1216,4,2025-05-01,15924.9
1217,4,2025-05-02,16564.4
1218,4,2025-05-03,15388.7
1219,4,2025-05-04,15870.1
1220,4,2025-05-05,15741.8
1221,4,2025-05-06,15519.7
1222,4,2025-05-07,15820.0
1223,4,2025-05-08,15855.9
1224,4,2025-05-09,16308.4
1225,4,2025-05-10,14949.9
1226,4,2025-05-11,14986.4
1227,4,2025-05-12,16970.5
1228,4,2025-05-13,14895.6
1229,4,2025-05-14,16363.7
1230,4,2025-05-15,16305.5
1231,4,2025-05-16,15423.9
1232,4,2025-05-17,17604.4
1233,4,2025-05-18,16925.1
1234,4,2025-05-19,14878.5
1235,4,2025-05-20,14765.2
1236,4,2025-05-21,14885.6
1237,4,2025-05-22,17272.9
1238,4,2025-05-23,15279.1
1239,4,2025-05-24,15554.9
1240,4,2025-05-25,17459.1
1241,4,2025-05-26,15648.3
1242,4,2025-05-27,15006.5
1243,4,2025-05-28,15030.9
1244,4,2025-05-29,17259.0
1245,4,2025-05-30,17186.9
1246,4,2025-05-31,16989.2
1247,4,2025-06-01,16752.8
1248,4,2025-06-02,17074.6
1249,4,2025-06-03,15983.6
1250,4,2025-06-04,14619.6
1251,4,2025-06-05,17569.7
1252,4,2025-06-06,15985.8
1253,4,2025-06-07,17228.4
1254,4,2025-06-08,15684.6
1255,4,2025-06-09,17305.5
1256,4,2025-06-10,16182.0
1257,4,2025-06-11,17440.1
1258,4,2025-06-12,16525.0
1259,4,2025-06-13,14925.4
1260,4,2025-06-14,17197.2
1261,4,2025-06-15,14710.4
1262,4,2025-06-16,15527.3
1263,4,2025-06-17,15533.3
1264,4,2025-06-18,16952.3
1265,4,2025-06-19,14645.2
1266,4,2025-06-20,16117.1
1267,4,2025-06-21,15865.4
1268,4,2025-06-22,16087.0
1269,4,2025-06-23,17432.9
1270,4,2025-06-24,14701.6
1271,4,2025-06-25,17507.7
1272,4,2025-06-26,17349.7
1273,4,2025-06-27,15482.1
1274,4,2025-06-28,16505.0
1275,4,2025-06-29,17470.8
1276,4,2025-06-30,17441.9
1277,4,2025-07-01,13244.6
1278,4,2025-07-02,12154.7
1279,4,2025-07-03,12891.0
1280,4,2025-07-04,12492.3
1281,4,2025-07-05,13191.1
1282,4,2025-07-06,14710.6
1283,4,2025-07-07,14283.6
1284,4,2025-07-08,13723.2
1285,4,2025-07-09,13668.1
1286,4,2025-07-10,14754.4
1287,4,2025-07-11,13979.0
1288,4,2025-07-12,13903.5
1289,4,2025-07-13,14083.2
1290,4,2025-07-14,13226.1
1291,4,2025-07-15,13102.0
1292,4,2025-07-16,12269.8
1293,4,2025-07-17,13855.0
1294,4,2025-07-18,14042.6
1295,4,2025-07-19,14352.3
1296,4,2025-07-20,14164.0
1297,4,2025-07-21,14231.1
1298,4,2025-07-22,12511.0
1299,4,2025-07-23,12344.3
1300,4,2025-07-24,12579.2
1301,4,2025-07-25,12723.7
1302,4,2025-07-26,13264.1
1303,4,2025-07-27,14812.2
1304,4,2025-07-28,14119.1
1305,4,2025-07-29,13750.9
1306,4,2025-07-30,13236.5
1307,4,2025-07-31,13544.0
1308,4,2025-08-01,13836.3
1309,4,2025-08-02,14771.5
1310,4,2025-08-03,14269.1
1311,4,2025-08-04,12662.7
1312,4,2025-08-05,12270.1
1313,4,2025-08-06,12317.5
1314,4,2025-08-07,12947.2
1315,4,2025-08-08,13547.3
1316,4,2025-08-09,14003.7
1317,4,2025-08-10,14582.5
1318,4,2025-08-11,13019.9
1319,4,2025-08-12,14233.1
1320,4,2025-08-13,13683.6
1321,4,2025-08-14,12321.6
1322,4,2025-08-15,13228.9
1323,4,2025-08-16,13846.2
1324,4,2025-08-17,12973.5
1325,4,2025-08-18,12477.7
1326,4,2025-08-19,14762.5
1327,4,2025-08-20,12291.9
1328,4,2025-08-21,14543.9
1329,4,2025-08-22,13003.1
1330,4,2025-08-23,13070.8
1331,4,2025-08-24,13333.9
1332,4,2025-08-25,12770.3
1333,4,2025-08-26,13093.0
1334,4,2025-08-27,14079.1
1335,4,2025-08-28,13791.0
1336,4,2025-08-29,12880.1
1337,4,2025-08-30,14825.4
1338,4,2025-08-31,13816.0
1339,4,2025-09-01,14298.7
1340,4,2025-09-02,12539.3
1341,4,2025-09-03,14392.4
1342,4,2025-09-04,12533.9
1343,4,2025-09-05,14847.0
1344,4,2025-09-06,14177.2
1345,4,2025-09-07,13409.4
1346,4,2025-09-08,12865.9
1347,4,2025-09-09,13881.4
1348,4,2025-09-10,12423.1
1349,4,2025-09-11,14681.8
1350,4,2025-09-12,13633.9
1351,4,2025-09-13,14791.7
1352,4,2025-09-14,13374.6
1353,4,2025-09-15,13003.8
1354,4,2025-09-16,12674.4
1355,4,2025-09-17,14101.8
1356,4,2025-09-18,13171.2
1357,4,2025-09-19,13815.9
1358,4,2025-09-20,14029.0
1359,4,2025-09-21,12467.0
1360,4,2025-09-22,12683.6
1361,4,2025-09-23,13332.7
1362,4,2025-09-24,14165.4
1363,4,2025-09-25,12894.2
1364,4,2025-09-26,13348.3
1365,4,2025-09-27,14580.0
1366,4,2025-09-28,14583.5
1367,4,2025-09-29,13804.2
1368,4,2025-09-30,14578.6
1369,4,2025-10-01,13944.6
1370,4,2025-10-02,12201.5
1371,4,2025-10-03,13929.1
1372,4,2025-10-04,14355.1
1373,4,2025-10-05,14223.4
1374,4,2025-10-06,13092.6
1375,4,2025-10-07,13361.1
1376,4,2025-10-08,14667.5
1377,4,2025-10-09,14679.0
1378,4,2025-10-10,13737.1
1379,4,2025-10-11,12493.2
1380,4,2025-10-12,14047.1
1381,4,2025-10-13,12524.8
1382,4,2025-10-14,12809.3
1383,4,2025-10-15,12606.2
1384,4,2025-10-16,14449.6
1385,4,2025-10-17,12820.9
1386,4,2025-10-18,13185.3
1387,4,2025-10-19,13127.5
1388,4,2025-10-20,12640.4
1389,4,2025-10-21,12702.2
1390,4,2025-10-22,14830.3
1391,4,2025-10-23,12757.2
1392,4,2025-10-24,14799.4
1393,4,2025-10-25,13061.5
1394,4,2025-10-26,13728.2
1395,4,2025-10-27,14023.7
1396,4,2025-10-28,14499.1
1397,4,2025-10-29,14087.4
1398,4,2025-10-30,12411.1
1399,4,2025-10-31,12982.1
1400,4,2025-11-01,14057.4
1401,4,2025-11-02,13818.6
1402,4,2025-11-03,14599.2
1403,4,2025-11-04,14474.3
1404,4,2025-11-05,13824.4
1405,4,2025-11-06,14068.5
1406,4,2025-11-07,13207.4
1407,4,2025-11-08,14029.9
1408,4,2025-11-09,13369.8
1409,4,2025-11-10,14514.5
1410,4,2025-11-11,12272.6
1411,4,2025-11-12,14258.7
1412,4,2025-11-13,12588.8
1413,4,2025-11-14,13995.9
1414,4,2025-11-15,12314.3
1415,4,2025-11-16,14429.7
1416,4,2025-11-17,13173.8
1417,4,2025-11-18,13790.2
1418,4,2025-11-19,14023.3
1419,4,2025-11-20,14751.1
1420,4,2025-11-21,13783.7
1421,4,2025-11-22,14435.1
1422,4,2025-11-23,13310.7
1423,4,2025-11-24,12192.2
1424,4,2025-11-25,14749.6
1425,4,2025-11-26,13664.1
1426,4,2025-11-27,14791.6
1427,4,2025-11-28,13247.0
1428,4,2025-11-29,12737.2
1429,4,2025-11-30,13663.1
1430,4,2025-12-01,14072.0
1431,4,2025-12-02,14646.7
1432,4,2025-12-03,13438.8
1433,4,2025-12-04,13637.5
1434,4,2025-12-05,12742.7
1435,4,2025-12-06,13131.4
1436,4,2025-12-07,14081.3
1437,4,2025-12-08,13729.8
1438,4,2025-12-09,12551.9
1439,4,2025-12-10,12425.2
1440,4,2025-12-11,13182.5
1441,4,2025-12-12,12531.2
1442,4,2025-12-13,13660.9
1443,4,2025-12-14,14593.4
1444,4,2025-12-15,13777.1
1445,4,2025-12-16,12935.1
1446,4,2025-12-17,12515.0
1447,4,2025-12-18,13753.9
1448,4,2025-12-19,13844.6
1449,4,2025-12-20,13915.7
1450,4,2025-12-21,13524.3
1451,4,2025-12-22,12697.3
1452,4,2025-12-23,14103.2
1453,4,2025-12-24,13532.4
1454,4,2025-12-25,12963.0
1455,4,2025-12-26,14845.6
1456,4,2025-12-27,13117.2
1457,4,2025-12-28,14396.3
1458,4,2025-12-29,13339.9
1459,4,2025-12-30,14285.1
1460,4,2025-12-31,14174.2
1461,5,2025-01-01,14511.9
1462,5,2025-01-02,13998.3
1463,5,2025-01-03,13316.4
1464,5,2025-01-04,12931.7
1465,5,2025-01-05,12727.4
1466,5,2025-01-06,13594.9
1467,5,2025-01-07,14181.5
1468,5,2025-01-08,12983.7
1469,5,2025-01-09,14465.4
1470,5,2025-01-10,13556.9
1471,5,2025-01-11,12732.4
1472,5,2025-01-12,14232.2
1473,5,2025-01-13,13817.9
1474,5,2025-01-14,13854.5
1475,5,2025-01-15,13515.5
1476,5,2025-01-16,14622.3
1477,5,2025-01-17,12579.7
1478,5,2025-01-18,13355.6
1479,5,2025-01-19,14093.3
1480,5,2025-01-20,13604.6
1481,5,2025-01-21,12893.3
1482,5,2025-01-22,12469.2
1483,5,2025-01-23,14304.6
1484,5,2025-01-24,14303.6
1485,5,2025-01-25,13723.3
1486,5,2025-01-26,12891.8
1487,5,2025-01-27,12507.3
1488,5,2025-01-28,13304.9
1489,5,2025-01-29,12822.0
1490,5,2025-01-30,12842.5
1491,5,2025-01-31,12967.8
1492,5,2025-02-01,13867.3
1493,5,2025-02-02,12239.3
1494,5,2025-02-03,13630.7
1495,5,2025-02-04,13474.8
1496,5,2025-02-05,14211.7
1497,5,2025-02-06,14202.9
1498,5,2025-02-07,12282.2
1499,5,2025-02-08,12296.3
1500,5,2025-02-09,12226.5
1501,5,2025-02-10,13793.4
1502,5,2025-02-11,14606.5
1503,5,2025-02-12,12683.2
1504,5,2025-02-13,14780.3
1505,5,2025-02-14,14798.9
1506,5,2025-02-15,13872.3
1507,5,2025-02-16,14500.2
1508,5,2025-02-17,13693.2
1509,5,2025-02-18,14468.3
1510,5,2025-02-19,13590.1
1511,5,2025-02-20,14075.4
1512,5,2025-02-21,13218.8
1513,5,2025-02-22,12713.8
1514,5,2025-02-23,14295.9
1515,5,2025-02-24,14714.7
1516,5,2025-02-25,13318.8
1517,5,2025-02-26,14164.3
1518,5,2025-02-27,13040.4
1519,5,2025-02-28,13620.6
1520,5,2025-03-01,14371.2
1521,5,2025-03-02,13841.9
1522,5,2025-03-03,14536.3
1523,5,2025-03-04,13137.1
1524,5,2025-03-05,14438.1
1525,5,2025-03-06,12665.8
1526,5,2025-03-07,13288.8
1527,5,2025-03-08,13612.0
1528,5,2025-03-09,14762.5
1529,5,2025-03-10,14572.2
1530,5,2025-03-11,14772.1
1531,5,2025-03-12,14321.9
1532,5,2025-03-13,12772.4
1533,5,2025-03-14,14122.4
1534,5,2025-03-15,13173.1
1535,5,2025-03-16,14472.9
1536,5,2025-03-17,14690.8
1537,5,2025-03-18,14628.7
1538,5,2025-03-19,14818.3
1539,5,2025-03-20,14782.8
1540,5,2025-03-21,14112.2
1541,5,2025-03-22,14676.0
1542,5,2025-03-23,13593.6
1543,5,2025-03-24,14697.4
1544,5,2025-03-25,14125.0
1545,5,2025-03-26,13821.1
1546,5,2025-03-27,12940.3
1547,5,2025-03-28,12510.6
1548,5,2025-03-29,13131.1
1549,5,2025-03-30,14848.5
1550,5,2025-03-31,12523.2
1551,5,2025-04-01,16090.4
1552,5,2025-04-02,15380.6
1553,5,2025-04-03,15274.0
1554,5,2025-04-04,15992.8
1555,5,2025-04-05,14582.1
1556,5,2025-04-06,16248.7
1557,5,2025-04-07,14675.1
1558,5,2025-04-08,16325.3
1559,5,2025-04-09,15996.2
1560,5,2025-04-10,15941.4
1561,5,2025-04-11,15427.3
1562,5,2025-04-12,16652.9
1563,5,2025-04-13,15999.0
1564,5,2025-04-14,15793.6
1565,5,2025-04-15,15643.4
1566,5,2025-04-16,16728.8
1567,5,2025-04-17,15840.3
1568,5,2025-04-18,17272.4
1569,5,2025-04-19,16317.6
1570,5,2025-04-20,16435.3
1571,5,2025-04-21,17295.8
1572,5,2025-04-22,16585.1
1573,5,2025-04-23,17139.8
1574,5,2025-04-24,16735.0
1575,5,2025-04-25,17337.3
1576,5,2025-04-26,16338.7
1577,5,2025-04-27,14762.4
1578,5,2025-04-28,16875.8
1579,5,2025-04-29,14999.3
1580,5,2025-04-30,16776.7
1581,5,2025-05-01,16215.8
1582,5,2025-05-02,15176.6
1583,5,2025-05-03,14835.4
1584,5,2025-05-04,16710.6
1585,5,2025-05-05,16166.9
1586,5,2025-05-06,16272.2
1587,5,2025-05-07,14990.1
1588,5,2025-05-08,16623.8
1589,5,2025-05-09,17172.3
1590,5,2025-05-10,15201.7
1591,5,2025-05-11,16643.2
1592,5,2025-05-12,16611.7
1593,5,2025-05-13,15628.7
1594,5,2025-05-14,16207.2
1595,5,2025-05-15,16271.6
1596,5,2025-05-16,16902.7
1597,5,2025-05-17,17012.4
1598,5,2025-05-18,17801.1
1599,5,2025-05-19,17482.3
1600,5,2025-05-20,17799.4
1601,5,2025-05-21,17807.6
1602,5,2025-05-22,17745.1
1603,5,2025-05-23,17617.7
1604,5,2025-05-24,15241.9
1605,5,2025-05-25,15367.0
1606,5,2025-05-26,15064.5
1607,5,2025-05-27,17443.5
1608,5,2025-05-28,16500.0
1609,5,2025-05-29,16705.9
1610,5,2025-05-30,17050.0
1611,5,2025-05-31,14686.9
1612,5,2025-06-01,16968.3
1613,5,2025-06-02,16906.1
1614,5,2025-06-03,15810.5
1615,5,2025-06-04,15211.0
1616,5,2025-06-05,14681.2
1617,5,2025-06-06,17619.9
1618,5,2025-06-07,17368.7
1619,5,2025-06-08,14597.0
1620,5,2025-06-09,16600.2
1621,5,2025-06-10,14653.5
1622,5,2025-06-11,16092.3
1623,5,2025-06-12,16362.7
1624,5,2025-06-13,16642.5
1625,5,2025-06-14,15945.3
1626,5,2025-06-15,17741.0
1627,5,2025-06-16,17379.0
1628,5,2025-06-17,17735.5
1629,5,2025-06-18,17072.0
1630,5,2025-06-19,17699.7
1631,5,2025-06-20,15003.6
1632,5,2025-06-21,16498.6
1633,5,2025-06-22,15140.9
1634,5,2025-06-23,16568.3
1635,5,2025-06-24,14894.1
1636,5,2025-06-25,15386.2
1637,5,2025-06-26,16836.2
1638,5,2025-06-27,15890.9
1639,5,2025-06-28,17280.7
1640,5,2025-06-29,16443.9
1641,5,2025-06-30,16593.7
1642,5,2025-07-01,12535.6
1643,5,2025-07-02,14041.9
1644,5,2025-07-03,14261.9
1645,5,2025-07-04,12303.6
1646,5,2025-07-05,12645.1
1647,5,2025-07-06,12296.5
1648,5,2025-07-07,13295.8
1649,5,2025-07-08,14663.7
1650,5,2025-07-09,13454.7
1651,5,2025-07-10,12652.4
1652,5,2025-07-11,12735.9
1653,5,2025-07-12,12288.1
1654,5,2025-07-13,13541.4
1655,5,2025-07-14,12187.5
1656,5,2025-07-15,12857.3
1657,5,2025-07-16,12883.2
1658,5,2025-07-17,12264.3
1659,5,2025-07-18,12895.8
1660,5,2025-07-19,14538.0
1661,5,2025-07-20,14289.5
1662,5,2025-07-21,12783.4
1663,5,2025-07-22,14522.7
1664,5,2025-07-23,13379.7
1665,5,2025-07-24,12254.6
1666,5,2025-07-25,13597.7
1667,5,2025-07-26,13338.9
1668,5,2025-07-27,13902.4
1669,5,2025-07-28,12467.1
1670,5,2025-07-29,13563.3
1671,5,2025-07-30,12227.5
1672,5,2025-07-31,12566.1
1673,5,2025-08-01,12699.1
1674,5,2025-08-02,14520.1
1675,5,2025-08-03,13326.0
1676,5,2025-08-04,13581.6
1677,5,2025-08-05,13299.5
1678,5,2025-08-06,12771.3
1679,5,2025-08-07,13421.9
1680,5,2025-08-08,12379.3
1681,5,2025-08-09,12683.9
1682,5,2025-08-10,12368.6
1683,5,2025-08-11,13150.6
1684,5,2025-08-12,12475.1
1685,5,2025-08-13,12532.8
1686,5,2025-08-14,12989.1
1687,5,2025-08-15,12207.4
1688,5,2025-08-16,14417.3
1689,5,2025-08-17,12870.7
1690,5,2025-08-18,14700.5
1691,5,2025-08-19,14159.6
1692,5,2025-08-20,12480.3
1693,5,2025-08-21,13640.6
1694,5,2025-08-22,13320.4
1695,5,2025-08-23,13223.7
1696,5,2025-08-24,12236.1
1697,5,2025-08-25,13516.2
1698,5,2025-08-26,12262.3
1699,5,2025-08-27,12953.7
1700,5,2025-08-28,13939.2
1701,5,2025-08-29,13971.9
1702,5,2025-08-30,12318.3
1703,5,2025-08-31,12738.4
1704,5,2025-09-01,14561.8
1705,5,2025-09-02,13068.5
1706,5,2025-09-03,13801.6
1707,5,2025-09-04,12424.8
1708,5,2025-09-05,12867.3
1709,5,2025-09-06,14182.4
1710,5,2025-09-07,13286.9
1711,5,2025-09-08,12428.6
1712,5,2025-09-09,12173.3
1713,5,2025-09-10,12911.8
1714,5,2025-09-11,12841.7
1715,5,2025-09-12,13375.9
1716,5,2025-09-13,12455.9
1717,5,2025-09-14,12319.3
1718,5,2025-09-15,13771.8
1719,5,2025-09-16,12855.5
1720,5,2025-09-17,12642.2
1721,5,2025-09-18,14537.4
1722,5,2025-09-19,12749.7
1723,5,2025-09-20,14627.2
1724,5,2025-09-21,13387.9
1725,5,2025-09-22,13639.2
1726,5,2025-09-23,13892.2
1727,5,2025-09-24,12295.8
1728,5,2025-09-25,12390.9
1729,5,2025-09-26,12490.6
1730,5,2025-09-27,13927.5
1731,5,2025-09-28,13873.5
1732,5,2025-09-29,12280.6
1733,5,2025-09-30,13275.3
1734,5,2025-10-01,14281.0
1735,5,2025-10-02,12625.5
1736,5,2025-10-03,14401.7
1737,5,2025-10-04,13951.0
1738,5,2025-10-05,12897.8
1739,5,2025-10-06,14322.4
1740,5,2025-10-07,13554.8
1741,5,2025-10-08,13499.2
1742,5,2025-10-09,13814.6
1743,5,2025-10-10,12991.3
1744,5,2025-10-11,14466.3
1745,5,2025-10-12,12192.5
1746,5,2025-10-13,13945.1
1747,5,2025-10-14,12162.3
1748,5,2025-10-15,12511.3
1749,5,2025-10-16,14450.9
1750,5,2025-10-17,13357.1
1751,5,2025-10-18,14775.8
1752,5,2025-10-19,14218.0
1753,5,2025-10-20,13030.9
1754,5,2025-10-21,14811.6
1755,5,2025-10-22,13597.9
1756,5,2025-10-23,14062.3
1757,5,2025-10-24,13130.6
1758,5,2025-10-25,12699.6
1759,5,2025-10-26,12633.7
1760,5,2025-10-27,12747.1
1761,5,2025-10-28,14412.2
1762,5,2025-10-29,14674.7
1763,5,2025-10-30,14046.4
1764,5,2025-10-31,13854.1
1765,5,2025-11-01,12923.3
1766,5,2025-11-02,12187.0
1767,5,2025-11-03,14331.6
1768,5,2025-11-04,12342.0
1769,5,2025-11-05,14149.3
1770,5,2025-11-06,12772.4
1771,5,2025-11-07,13369.8
1772,5,2025-11-08,13227.2
1773,5,2025-11-09,14223.5
1774,5,2025-11-10,13988.3
1775,5,2025-11-11,14269.1
1776,5,2025-11-12,12193.5
1777,5,2025-11-13,12794.7
1778,5,2025-11-14,13111.8
1779,5,2025-11-15,12456.2
1780,5,2025-11-16,14307.6
1781,5,2025-11-17,14810.1
1782,5,2025-11-18,13745.5
1783,5,2025-11-19,13775.3
1784,5,2025-11-20,12452.0
1785,5,2025-11-21,13996.7
1786,5,2025-11-22,13786.9
1787,5,2025-11-23,13645.7
1788,5,2025-11-24,14151.8
1789,5,2025-11-25,14189.0
1790,5,2025-11-26,13898.2
1791,5,2025-11-27,12584.7
1792,5,2025-11-28,13465.1
1793,5,2025-11-29,14342.3
1794,5,2025-11-30,13541.5
1795,5,2025-12-01,13906.7
1796,5,2025-12-02,12399.9
1797,5,2025-12-03,13084.6
1798,5,2025-12-04,12880.7
1799,5,2025-12-05,14463.0
1800,5,2025-12-06,12865.7
1801,5,2025-12-07,13096.5
1802,5,2025-12-08,13875.6
1803,5,2025-12-09,12206.2
1804,5,2025-12-10,13450.3
1805,5,2025-12-11,12204.3
1806,5,2025-12-12,13353.5
1807,5,2025-12-13,14331.5
1808,5,2025-12-14,12845.8
1809,5,2025-12-15,12470.9
1810,5,2025-12-16,12352.1
1811,5,2025-12-17,12526.8
1812,5,2025-12-18,13067.1
1813,5,2025-12-19,13342.4
1814,5,2025-12-20,13588.9
1815,5,2025-12-21,14278.3
1816,5,2025-12-22,13929.5
1817,5,2025-12-23,12789.1
1818,5,2025-12-24,13822.7
1819,5,2025-12-25,12533.1
1820,5,2025-12-26,12300.3
1821,5,2025-12-27,12321.6
1822,5,2025-12-28,12920.1
1823,5,2025-12-29,13744.5
1824,5,2025-12-30,13211.1
1825,5,2025-12-31,12592.7
